id,@id,admin_level,boundary,name,type,@timestamp,@version,@changeset,@user,@uid,school_count,health_count,transit_count,commercial_count,fps_count,park_count,noise_level,sabha_count,area_sqkm,school_count_density,health_count_density,transit_count_density,commercial_count_density,fps_count_density,park_count_density,sabha_count_density,noise_level_inv,school_count_density_norm,health_count_density_norm,transit_count_density_norm,commercial_count_density_norm,fps_count_density_norm,park_count_density_norm,noise_level_inv_norm,sabha_count_density_norm,ACCESS_SCORE,OPPORTUNITY_SCORE,ENVIRONMENT_SCORE,GOVERNANCE_SCORE,UEI_SCORE,temp_id,Morans_I,Spatial_Lag,Gi_ZScore,Hotspot_Type,PCA_1,PCA_2,Cluster_ID,Ward_Typology
relation/7848799,relation/7848799,10,administrative,Ward 91 Khairatabad,boundary,2017-12-31 19:13:10+00:00,5,55064631,adivik2000,250196,23.0,4.0,134.0,17.0,14.0,0.0,0.0,0.0,8.614755375972296,2.6698378533359257,0.4643196266671175,15.554707493348436,1.9733584133352495,1.6251186933349113,0.0,0.0,73.27,0.06248984892133495,0.10723510420031145,0.3241977224891561,0.12851779384504694,0.04156660729370499,0.0,1.0,0.0,0.11905994737354059,0.1057108947235184,0.020964070715465157,0.0,0.06143372820313104,0,0.16144012656053686,0.1145691050152449,-0.014726738678138509,Average,0.21587212943253728,0.45153075864030817,0,Type D
relation/7848824,relation/7848824,10,administrative,Ward 105 Gachibowli,boundary,2018-01-01 21:02:32+00:00,4,55086287,adivik2000,250196,19.0,21.0,80.0,45.0,14.0,2.0,60.98,0.0,49.103996011653976,0.3869338861034992,0.42766376885123597,1.6291953099094705,0.9164223618240771,0.28510917923415735,0.04072988274773676,0.0,12.29,0.009056520063546486,0.0987693954370333,0.03395637039066971,0.059683319247028715,0.007292403525761709,0.01984829350408891,0.1677357718029207,0.0,0.06641283057601621,0.04594142132555636,0.022948617057077438,0.0,0.0338257172396625,1,0.16144012656053686,0.12817500292613954,-0.49317535298055476,Average,-0.4450714491892814,0.023677665526925795,0,Type D
relation/7848844,relation/7848844,10,administrative,Ward 60 Rajendra Nagar,boundary,2018-01-02 08:41:45+00:00,4,55094174,adivik2000,250196,29.0,5.0,80.0,0.0,29.0,0.0,0.0,0.0,21.251826188176924,1.3645886119722566,0.2352738986159063,3.764382377854501,0.0,1.3645886119722566,0.0,0.0,73.27,0.03193936893784509,0.05433675335843165,0.07845883273604579,0.0,0.03490287766914721,0.0,1.0,0.0,0.05077957582674349,0.009154865409240426,0.020964070715465157,0.0,0.020224627987862266,2,0.16144012656053686,0.01796304868749457,-0.728883108752532,Average,-0.7806619971085171,-0.20416445972100897,0,Type D
relation/7848859,relation/7848859,10,administrative,Ward 95 Jubilee Hills,boundary,2017-12-31 18:34:35+00:00,5,55064040,adivik2000,250196,6.0,0.0,71.0,9.0,15.0,7.0,61.62,0.0,8.668646164724327,0.6921496028314136,0.0,8.190436966838394,1.0382244042471205,1.730374007078534,0.8075078699699826,0.0,11.65,0.016200356159402653,0.0,0.17070851457511996,0.06761585176228192,0.04425878375435397,0.39351090965064184,0.1590009553705473,0.0,0.023678684944946442,0.061489399496826636,0.3885946263856334,0.0,0.11844067770685163,3,0.16144012656053686,0.04463060196099362,0.9732073805799859,Average,0.5923083355094619,-1.7133225288290295,2,Type C
relation/7849315,relation/7849315,10,administrative,Ward 6 Nacharam,boundary,2017-12-30 07:56:26+00:00,4,55028223,adivik2000,250196,8.0,0.0,37.0,5.0,11.0,2.0,0.0,0.0,5.116544604639505,1.5635552151242613,0.0,7.231442869949709,0.9772220094526634,2.1498884207958593,0.39088880378106533,0.0,73.27,0.03659635323965377,0.0,0.1507207583138848,0.0636429834048315,0.054988948240526234,0.19048608003517806,1.0,0.0,0.027139966571134808,0.06137306950469249,0.20745678709847398,0.0,0.07399245579357533,4,0.16144012656053686,0.031341809912933685,0.2029168221347151,Average,0.04500854010483619,-0.8286838468217789,0,Type D
relation/7849357,relation/7849357,10,administrative,Ward 59 Mailardevpally,boundary,2018-01-01 21:02:33+00:00,2,55086287,adivik2000,250196,14.0,0.0,62.0,2.0,21.0,0.0,0.0,0.0,12.95989591081258,1.080255589731986,0.0,4.783989040241653,0.15432222710456944,1.6203833845979791,0.0,0.0,73.27,0.025284310249190912,0.0,0.0997099014509051,0.010050456133416125,0.041445489544281656,0.0,1.0,0.0,0.018254830947390742,0.018285230014228424,0.020964070715465157,0.0,0.01437603291927108,5,0.16144012656053686,0.02823843032313767,-0.8302396392858653,Average,-0.8751151638342505,-0.18840424186223095,0,Type D
relation/7849439,relation/7849439,10,administrative,Ward 133 Macha Bolarum,boundary,2018-01-01 08:22:46+00:00,4,55070936,adivik2000,250196,9.0,0.0,51.0,1.0,9.0,0.0,0.0,0.0,12.078144799514359,0.7451475495112357,0.0,4.222502780563669,0.08279417216791508,0.7451475495112357,0.0,0.0,73.27,0.017440818638060285,0.0,0.08800716987113102,0.005392089079379893,0.01905907285014353,0.0,1.0,0.0,0.014748846030280875,0.00897687650457879,0.020964070715465157,0.0,0.011172448312581205,6,0.16144012656053686,0.033648647077183846,-0.8857579675674458,Average,-0.9562932095938526,-0.24796609598642425,0,Type D
relation/7849497,relation/7849497,10,administrative,Ward 1 Kapra,boundary,2018-01-01 11:38:38+00:00,3,55073879,adivik2000,250196,9.0,0.0,32.0,0.0,6.0,1.0,0.0,0.0,8.375656982696434,1.0745425724326365,0.0,3.8205958130938185,0.0,0.7163617149550909,0.11939361915918183,0.0,73.27,0.025150592170591023,0.0,0.07963045667597983,0.0,0.018322800794739726,0.0581823328651378,1.0,0.0,0.015965103865272477,0.004805986967213417,0.07792666504002747,0.0,0.02467443896812834,7,0.16144012656053686,0.026221453609931805,-0.6517675968732762,Average,-0.802049985455188,-0.5484678923171022,0,Type D
relation/7849498,relation/7849498,10,administrative,Ward 136 Neredmet,boundary,2018-01-01 11:38:38+00:00,2,55073879,adivik2000,250196,5.0,0.0,65.0,0.0,6.0,0.0,0.0,0.0,7.230903670891279,0.6914765052296294,0.0,8.989194567985182,0.0,0.8297718062755552,0.0,0.0,73.27,0.016184601731697525,0.0,0.18735655474067278,0.0,0.02122355675083989,0.0,1.0,0.0,0.025541710245900243,0.005566842006585258,0.020964070715465157,0.0,0.013018155741987666,8,0.16144012656053686,0.02968609010102688,-0.8537717385277769,Average,-0.9275732449019719,-0.2554591555817417,0,Type D
relation/7849545,relation/7849545,10,administrative,Ward 2 Dr A S Rao Nagar,boundary,2017-12-30 06:48:16+00:00,2,55027440,adivik2000,250196,6.0,1.0,69.0,2.0,16.0,1.0,0.0,0.0,5.174189425595667,1.159601921475703,0.19326698691261718,13.335422096970586,0.38653397382523436,3.092271790601875,0.19326698691261718,0.0,73.27,0.02714147931918953,0.0446352130940892,0.277942447591392,0.025173578822013418,0.07909283653711624,0.09418195246598621,1.0,0.0,0.06591379403820946,0.0393163538684463,0.11317158606983385,0.0,0.0546004334941224,9,0.16144012656053686,0.02067344180439387,-0.13314817762103537,Average,-0.2126357708431124,-0.4552758549030338,0,Type D
relation/7849614,relation/7849614,10,administrative,Ward 5 Mallapur,boundary,2017-12-30 07:02:32+00:00,3,55027582,adivik2000,250196,3.0,2.0,41.0,4.0,7.0,0.0,0.0,0.0,6.811001243109835,0.4404638749750441,0.29364258331669607,6.019672957992269,0.5872851666333921,1.0277490416084363,0.0,0.0,73.27,0.010309435446839875,0.06781706223715081,0.12546454274020843,0.03824778786438415,0.026287335801518354,0.0,1.0,0.0,0.05820259284677727,0.035110615912341964,0.020964070715465157,0.0,0.0285693198686461,10,0.16144012656053686,0.0462676628614752,-0.5842690591411851,Average,-0.5656926335352617,-0.04087155974149987,0,Type D
relation/7850095,relation/7850095,10,administrative,Ward 7 Chilka Nagar,boundary,2017-12-29 18:24:33+00:00,1,55016463,adivik2000,250196,5.0,0.0,23.0,1.0,36.0,0.0,0.0,0.0,2.784825723161235,1.7954444899065993,0.0,8.259044653570356,0.3590888979813199,12.927200327327515,0.0,0.0,73.27,0.04202392095861478,0.0,0.17213846469107444,0.023386178937869484,0.33064653161450047,0.0,1.0,0.0,0.031060127152607794,0.1039791661698885,0.020964070715465157,0.0,0.03900084100949037,11,0.16144012656053686,0.0424324584811094,-0.403490123581234,Average,-0.22202820588810507,0.33683185883655525,0,Type D
relation/7850118,relation/7850118,10,administrative,Ward 10 Uppal,boundary,2017-12-30 07:56:26+00:00,4,55028223,adivik2000,250196,10.0,0.0,50.0,2.0,18.0,0.0,0.0,0.0,8.327836497123526,1.2007920668776395,0.0,6.003960334388197,0.2401584133755279,2.161425720379751,0.0,0.0,73.27,0.028105570063501475,0.0,0.1251370536640591,0.015640660739467065,0.05528404447134328,0.0,1.0,0.0,0.021895934061443464,0.026038939238807367,0.020964070715465157,0.0,0.017224736003928997,12,0.16144012656053686,0.02609632602507444,-0.7808714307170881,Average,-0.8040067968673743,-0.1379352569175056,0,Type D
relation/7850180,relation/7850180,10,administrative,Ward 12 Mansoorabad,boundary,2018-01-01 18:13:04+00:00,3,55082663,adivik2000,250196,16.0,1.0,78.0,1.0,21.0,1.0,0.0,0.0,10.673043318005941,1.4991038191522397,0.09369398869701498,7.308131118367169,0.09369398869701498,1.9675737626373146,0.09369398869701498,0.0,73.27,0.03508781293933988,0.02163872484345866,0.15231912687782306,0.006101955246706342,0.050325780048170364,0.04565851069950547,1.0,0.0,0.040058071165436346,0.01770166251947128,0.06566539316790337,0.0,0.03085628171320275,13,0.16144012656053686,0.08539241623522181,-0.5446358625686945,Average,-0.6346043536460063,-0.38348235636136324,0,Type D
relation/7850229,relation/7850229,10,administrative,Ward 16 Hasthinapuram,boundary,2018-01-03 13:15:24+00:00,4,55128738,adivik2000,250196,3.0,0.0,30.0,0.0,6.0,0.0,0.0,0.0,4.565036224196356,0.6571689363819079,0.0,6.571689363819079,0.0,1.3143378727638158,0.0,0.0,73.27,0.01538160360524813,0.0,0.13696989966332832,0.0,0.03361758524622313,0.0,1.0,0.0,0.01966523612291117,0.008817739076709175,0.020964070715465157,0.0,0.012361761478771376,14,0.16144012656053686,0.06475232860252754,-0.8651470935320706,Average,-0.9335935768088962,-0.24308109577216622,0,Type D
relation/7850230,relation/7850230,10,administrative,Ward 14 BN Reddy Nagar,boundary,2017-12-29 19:23:06+00:00,1,55017711,adivik2000,250196,5.0,0.0,64.0,0.0,5.0,3.0,0.0,0.0,8.662851825498088,0.5771771352804497,0.0,7.387867331589756,0.0,0.5771771352804497,0.3463062811682698,0.0,73.27,0.013509326770334796,0.0,0.15398102239965955,0.0,0.014762795738861065,0.16876033632380885,1.0,0.0,0.021049849504170933,0.0038722138997968557,0.186186503414616,0.0,0.05277714170464595,15,0.16144012656053686,0.0778251405857647,-0.1647459421719946,Average,-0.4472428395127821,-1.074671579661396,0,Type D
relation/7850268,relation/7850268,10,administrative,Ward 15 Vanasthalipuram,boundary,2017-12-29 19:45:16+00:00,1,55018199,adivik2000,250196,3.0,2.0,65.0,2.0,7.0,3.0,0.0,0.0,3.670612887871898,0.8173022031040986,0.5448681354027324,17.708214400588805,0.5448681354027324,1.9070384739095634,0.8173022031040986,0.0,73.27,0.019129660301742374,0.12583786667547145,0.3690820145911159,0.03548531793576773,0.048777433712436646,0.3982838376732142,1.0,0.0,0.12328404172200239,0.03897177919815849,0.4108982578508712,0.0,0.14328851969275802,16,0.16144012656053686,0.04241588036751433,1.4038220881115535,High Equity,0.9884693420168732,-1.8376929451156532,2,Type C
relation/7852324,relation/7852324,10,administrative,Ward 139 East Anand Bagh,boundary,2018-01-01 11:38:39+00:00,2,55073879,adivik2000,250196,7.0,0.0,38.0,11.0,7.0,0.0,0.0,0.0,4.6899178005745625,1.4925634728912367,0.0,8.102487424266714,2.3454568859719434,1.4925634728912367,0.0,0.0,73.27,0.03493473051553926,0.0,0.168875433406098,0.1527512399708092,0.03817616521983659,0.0,1.0,0.0,0.02871175880249234,0.12269872113434606,0.020964070715465157,0.0,0.04309363766307589,17,0.16144012656053686,0.03221681605799484,-0.3325616930571851,Average,-0.10427055033043504,0.44546380254207146,0,Type D
relation/7852364,relation/7852364,10,administrative,Ward 20 RK Puram,boundary,2018-01-01 18:13:05+00:00,2,55082663,adivik2000,250196,9.0,0.0,26.0,0.0,15.0,0.0,0.0,0.0,2.2696876215396298,3.965303381218117,0.0,11.455320879074561,0.0,6.608838968696862,0.0,0.0,73.27,0.09281133268448011,0.0,0.23875659127415638,0.0,0.16903812331112233,0.0,1.0,0.0,0.052734445695186,0.0443379277380289,0.020964070715465157,0.0,0.029509111037170015,18,0.16144012656053686,0.08813096052311825,-0.5679824174519706,Average,-0.528512071591355,0.007562174626466878,0,Type D
relation/7852365,relation/7852365,10,administrative,Ward 21 Kothapet,boundary,2018-01-01 18:13:05+00:00,2,55082663,adivik2000,250196,3.0,0.0,44.0,0.0,3.0,0.0,0.0,0.0,2.600657745057444,1.1535543289775467,0.0,16.91879682500402,0.0,1.1535543289775467,0.0,0.0,73.27,0.026999930220589635,0.0,0.3526286431466873,0.0,0.029505130905956207,0.0,1.0,0.0,0.04710476952641782,0.007739061085064076,0.020964070715465157,0.0,0.018951975331736762,19,0.16144012656053686,0.0513542378757487,-0.750938261534717,Average,-0.8082155715032989,-0.21695056903524343,0,Type D
relation/7852446,relation/7852446,10,administrative,Ward 8 Habsiguda,boundary,2018-01-01 20:34:01+00:00,3,55085615,adivik2000,250196,12.0,2.0,44.0,2.0,10.0,0.0,0.0,0.0,5.070771650046317,2.3665037253038976,0.3944172875506496,8.677180326114291,0.3944172875506496,1.9720864377532479,0.0,0.0,73.27,0.05539005302559472,0.0910910857516276,0.18085342334832874,0.025686990922588897,0.05044120336780688,0.0,1.0,0.0,0.09117675607472112,0.03217990779310927,0.020964070715465157,0.0,0.03608018364582389,20,0.16144012656053686,0.041550160671403935,-0.4541053044556339,Average,-0.42629978547614966,-0.019198635141984118,0,Type D
relation/7852447,relation/7852447,10,administrative,Ward 9 Ramanthapur,boundary,2017-12-30 07:56:25+00:00,1,55028223,adivik2000,250196,7.0,0.0,6.0,1.0,11.0,0.0,0.0,0.0,2.904381172191691,2.410151968695518,0.0,2.065844544596158,0.3443074240993597,3.7873816650929566,0.0,0.0,73.27,0.056411677665389216,0.0,0.04305719645715742,0.022423514274293763,0.09687206663116876,0.0,1.0,0.0,0.020604174028685317,0.04195102954683698,0.020964070715465157,0.0,0.020879818572746865,21,0.16144012656053686,0.0332202256812352,-0.7175286135715201,Average,-0.7005002004262565,-0.04475976123592255,0,Type D
relation/7852804,relation/7852804,10,administrative,Ward 92 Venkateshwara Colony,boundary,2017-12-30 10:25:33+00:00,1,55030709,adivik2000,250196,5.0,1.0,76.0,6.0,9.0,0.0,0.0,0.0,5.039194054446272,0.9922221581421955,0.1984444316284391,15.081776803761372,1.1906665897706346,1.785999884655952,0.0,0.0,73.27,0.023223812143210797,0.0458309493751027,0.31434070315755397,0.0775438674942477,0.045681559221839,0.0,1.0,0.0,0.06962837837398009,0.06918652955132282,0.020964070715465157,0.0,0.039944744660192016,22,0.16144012656053686,0.06342174773556773,-0.38713221231008976,Average,-0.2753365497126528,0.1755004720749604,0,Type D
relation/7852805,relation/7852805,10,administrative,Ward 93 Banjara Hills,boundary,2018-01-01 20:14:06+00:00,3,55085177,adivik2000,250196,6.0,0.0,42.0,2.0,6.0,0.0,0.0,0.0,3.535035358318439,1.6972956114515658,0.0,11.881069280160961,0.5657652038171886,1.6972956114515658,0.0,0.0,73.27,0.039726662127412715,0.0,0.24763021760526124,0.03684626945491717,0.04341271836444054,0.0,1.0,0.0,0.038885745529215796,0.03856861901454902,0.020964070715465157,0.0,0.024604608814807492,23,0.16144012656053686,0.08874694279436161,-0.6529777579434488,Average,-0.6353412830304954,-0.04320475861219945,0,Type D
relation/7852863,relation/7852863,10,administrative,Ward 126 Jagathgirigutta,boundary,2018-01-01 06:40:08+00:00,2,55070100,adivik2000,250196,8.0,0.0,21.0,0.0,13.0,0.0,0.0,0.0,2.2727254503032617,3.5200028225725717,0.0,9.240007409253,0.0,5.720004586680429,0.0,0.0,73.27,0.0823886905005823,0.0,0.19258410093174272,0.0,0.14630388866232671,0.0,1.0,0.0,0.04464073860220544,0.03837484181815955,0.020964070715465157,0.0,0.025994912783957536,24,0.16144012656053686,0.05290922580489251,-0.6288837003027452,Average,-0.6088214087671976,-0.03753112089480826,0,Type D
relation/7852864,relation/7852864,10,administrative,Ward 124 Alwyn Colony,boundary,2018-01-01 06:40:08+00:00,2,55070100,adivik2000,250196,4.0,0.0,11.0,0.0,9.0,0.0,0.0,0.0,2.6967608621156294,1.483260920978351,0.0,4.078967532690465,0.0,3.3373370722012896,0.0,0.0,73.27,0.03471699629512855,0.0,0.08501554817221393,0.0,0.08536101397138124,0.0,1.0,0.0,0.019244209483668236,0.02238980411621116,0.020964070715465157,0.0,0.01564952107883614,25,0.16144012656053686,0.050936656965921465,-0.8081700071750743,Average,-0.8420134224508667,-0.1628003731968021,0,Type D
relation/7852865,relation/7852865,10,administrative,Ward 128 Chintal,boundary,2018-01-01 06:40:08+00:00,2,55070100,adivik2000,250196,3.0,0.0,21.0,0.0,144.0,0.0,0.0,0.0,4.2522494713399634,0.705508935969047,0.0,4.9385625517833285,0.0,33.86442892651425,0.0,0.0,73.27,0.016513042830024766,0.0,0.10293158726019414,0.0,0.8661702214041983,0.0,1.0,0.0,0.016163501966058685,0.22719249322691057,0.020964070715465157,0.0,0.0660800164771086,26,0.16144012656053686,0.037984561258948106,0.06579373739946293,Average,0.555773324758387,1.0525192617731414,0,Type D
relation/7852866,relation/7852866,10,administrative,Ward 132 Jeedimetla,boundary,2018-01-01 09:11:45+00:00,4,55071473,adivik2000,250196,14.0,0.0,38.0,4.0,2.0,1.0,0.0,0.0,8.596793054549947,1.6285142507403207,0.0,4.420252966295156,0.46528978592580594,0.23264489296290297,0.11632244648145149,0.0,73.27,0.03811677528200782,0.0,0.09212876199128955,0.030302663916359624,0.0059504939204352205,0.05668570354541019,1.0,0.0,0.020992787382504808,0.0239152009441388,0.07646141116319348,0.0,0.030342349872459273,27,0.16144012656053686,0.043631339292483785,-0.5535423345841891,Average,-0.6504576447701491,-0.42163833910908954,0,Type D
relation/7852867,relation/7852867,10,administrative,Ward 130 Subash Nagar,boundary,2017-12-30 10:59:29+00:00,1,55031378,adivik2000,250196,9.0,0.0,53.0,4.0,10.0,1.0,69.93,0.0,7.982105984290828,1.1275219870185182,0.0,6.639851701331274,0.5011208831193414,1.2528022077983536,0.12528022077983536,0.0,3.34,0.02639062088966693,0.0,0.13839056762448673,0.032636215455320895,0.03204365170483518,0.061050963679324693,0.04558482325644861,0.0,0.022903045472933006,0.03248078868983999,0.06072673041780421,0.0,0.0290276411451443,28,0.16144012656053686,0.046777797000058824,-0.5763263217981712,Average,-0.6310543322592537,-0.291842045581648,0,Type D
relation/7852868,relation/7852868,10,administrative,Ward 129 Suraram,boundary,2017-12-30 10:59:29+00:00,1,55031378,adivik2000,250196,8.0,1.0,34.0,0.0,3.0,0.0,0.0,0.0,8.39575214316007,0.9528628124780356,0.11910785155975445,4.049666953031651,0.0,0.35732355467926336,0.0,0.0,73.27,0.022302572839811616,0.027508083095187482,0.08440485323005179,0.0,0.009139472664402334,0.0,1.0,0.0,0.03243464556738983,0.0023972419393944976,0.020964070715465157,0.0,0.013948989555562372,29,0.16144012656053686,0.0448283256783397,-0.837640328378746,Average,-0.9160720502971708,-0.26614754040996846,0,Type D
relation/7852869,relation/7852869,10,administrative,Ward 125 Gajularamaram,boundary,2017-12-30 10:59:29+00:00,1,55031378,adivik2000,250196,5.0,0.0,21.0,0.0,2.0,0.0,0.0,0.0,10.701992232438878,0.4672027311741516,0.0,1.962251470931437,0.0,0.18688109246966067,0.0,0.0,73.27,0.01093528135059907,0.0,0.04089806626701302,0.0,0.0047799665422371025,0.0,1.0,0.0,0.007645417874881608,0.0012537633936566528,0.020964070715465157,0.0,0.007465812996000854,30,0.16144012656053686,0.03041835997386616,-0.9499941971635913,Average,-1.0439495986375256,-0.302360234811371,0,Type D
relation/7853538,relation/7853538,10,administrative,Ward 116 Allapur,boundary,2018-01-01 06:40:08+00:00,3,55070100,adivik2000,250196,14.0,0.0,17.0,0.0,14.0,0.0,0.0,0.0,3.4838170673441717,4.018580691629903,0.0,4.879705125550596,0.0,4.018580691629903,0.0,0.0,73.27,0.09405833391131778,0.0,0.10170485615358958,0.0,0.10278557878395009,0.0,1.0,0.0,0.037709886474140225,0.026960187887594675,0.020964070715465157,0.0,0.021408536269300015,31,0.16144012656053686,0.05572383785088239,-0.7083659017192339,Average,-0.7211061613447484,-0.11369238280795327,0,Type D
relation/7853539,relation/7853539,10,administrative,Ward 114 KPHB Colony,boundary,2018-01-01 06:40:08+00:00,2,55070100,adivik2000,250196,2.0,0.0,77.0,5.0,7.0,2.0,70.12,0.0,6.258626021481531,0.3195589564123794,0.0,12.303019821876607,0.7988973910309485,1.118456347443328,0.3195589564123794,0.0,3.15,0.007479551944593872,0.0,0.2564246873621355,0.05202933714931717,0.028607409391079804,0.15572595673837794,0.04299167462808778,0.0,0.03085497292462048,0.0458858724675738,0.15336258727616062,0.0,0.057525858167088724,32,0.16144012656053686,0.044738784060096765,-0.08245037896835801,Average,-0.21204459467335443,-0.6532906366519338,0,Type D
relation/7853540,relation/7853540,10,administrative,Ward 108 Miyapur,boundary,2018-01-01 06:40:08+00:00,2,55070100,adivik2000,250196,9.0,0.0,43.0,1.0,0.0,3.0,0.0,0.0,8.120971485780803,1.1082417929626165,0.0,5.2949330108213895,0.12313797699584626,0.0,0.3694139309875388,0.0,73.27,0.02593935138196184,0.0,0.110359209491725,0.008019537168263896,0.0,0.18002104676197098,1.0,0.0,0.0196325457938868,0.005916049194699025,0.19721114352284613,0.0,0.05568993462785799,33,0.16144012656053686,0.053026869992161524,-0.11426705255894885,Average,-0.4057237781331509,-1.117822326683248,0,Type D
relation/7853541,relation/7853541,10,administrative,Ward 107 Madhapur,boundary,2017-12-30 15:36:25+00:00,1,55037400,adivik2000,250196,16.0,2.0,72.0,50.0,25.0,0.0,0.0,0.0,10.749968649874678,1.4883764335616483,0.18604705419520604,6.697693951027417,4.651176354880151,2.3255881774400753,0.0,0.0,73.27,0.03483672926246438,0.04296776206939692,0.1395961399969121,0.30291452372463273,0.059482923244310516,0.0,1.0,0.0,0.051533003007741454,0.23906352668425637,0.020964070715465157,0.0,0.07789015010186574,34,0.16144012656053686,0.05933034851500584,0.27046411640533696,Average,0.8088608099425745,1.1651328502722837,0,Type D
relation/7853542,relation/7853542,10,administrative,Ward 109 Hafeezpet,boundary,2017-12-30 15:36:25+00:00,1,55037400,adivik2000,250196,4.0,1.0,30.0,3.0,15.0,0.0,0.0,0.0,3.9540657946912567,1.0116169552288217,0.2529042388072054,7.587127164216162,0.7587127164216162,3.793563582108081,0.0,0.0,73.27,0.023677764033318605,0.05840849889516794,0.15813407921211814,0.04941225264390093,0.09703018512303266,0.0,1.0,0.0,0.05988308252604789,0.06190221885944022,0.020964070715465157,0.0,0.035687343025238315,35,0.16144012656053686,0.06791434770195265,-0.46091325779966774,Average,-0.37275386497260565,0.12058408636729322,0,Type D
relation/7853543,relation/7853543,10,administrative,Ward 110 Chandanagar,boundary,2018-01-01 21:02:33+00:00,2,55086287,adivik2000,250196,5.0,1.0,52.0,2.0,6.0,1.0,0.0,0.0,6.668274292872642,0.7498191856541099,0.14996383713082198,7.798119530802743,0.29992767426164396,0.8997830227849319,0.14996383713082198,0.0,73.27,0.01755016229592284,0.03463430528757593,0.1625316704068878,0.019533219484459585,0.02301427441025462,0.07307966666163157,1.0,0.0,0.04420346812305645,0.020446284293324832,0.09251169007733967,0.0,0.039290360623430234,36,0.16144012656053686,0.045267358867681996,-0.398472729960006,Average,-0.5121278961240964,-0.4928346234730815,0,Type D
relation/7853544,relation/7853544,10,administrative,Ward 106 Serilingampally,boundary,2018-01-01 21:02:33+00:00,2,55086287,adivik2000,250196,23.0,11.0,122.0,6.0,20.0,1.0,0.0,0.0,11.560706526495803,1.9894977826213873,0.9514989395145765,10.552988238252576,0.5189994215534054,1.7299980718446846,0.08649990359223422,0.0,73.27,0.0465659050080517,0.21974967687179478,0.21994979679041518,0.03380058088493199,0.04424916823993193,0.04215272322799557,1.0,0.0,0.17134474941176464,0.03654119762887088,0.062233101272859595,0.0,0.06752976207837377,37,0.16144012656053686,0.0865538946426355,0.09091792236643396,Average,0.12015642531818202,-0.0989108448521385,0,Type D
relation/7853545,relation/7853545,10,administrative,Ward 104 Kondapur,boundary,2017-12-30 15:36:26+00:00,1,55037400,adivik2000,250196,20.0,3.0,136.0,94.0,15.0,0.0,0.0,0.0,14.603946031791354,1.3694928724374882,0.20542393086562324,9.31255153257492,6.436616500456195,1.0271196543281162,0.0,0.0,73.27,0.03205415736784666,0.047442872035658286,0.19409609590631852,0.4191938711565024,0.026271237596492462,0.0,1.0,0.0,0.05958999472431885,0.31613205887315793,0.020964070715465157,0.0,0.09917153107823548,38,0.16144012656053686,0.0650310580916587,0.6392718241412905,Average,1.3794672720524928,1.6333982451898814,0,Type D
relation/7854080,relation/7854080,10,administrative,Ward 78 Gunfoundry,boundary,2018-01-02 13:23:59+00:00,5,55100618,adivik2000,250196,38.0,11.0,106.0,8.0,21.0,0.0,73.27,0.0,3.1852112839557,11.930134805000428,3.453460075131703,33.278797087632775,2.511607327368511,6.592969234342342,0.0,0.0,0.0,0.27923505565857837,0.797580222198671,0.6936106145102955,0.1635720255059506,0.16863221387295318,0.0,0.0,0.0,0.6409729760959485,0.16489928980445462,0.0,0.0,0.2014680664751008,39,0.16144012656053686,0.11470272533885374,2.4120773939931524,High Equity,3.0852293186921,1.5249367341635494,2,Type C
relation/7854081,relation/7854081,10,administrative,Ward 79 Himayath Nagar,boundary,2017-12-30 20:24:03+00:00,1,55044136,adivik2000,250196,34.0,2.0,98.0,1.0,2.0,1.0,0.0,0.0,2.042557008386271,16.64580222750395,0.9791648369119972,47.97907700868786,0.4895824184559986,0.9791648369119972,0.4895824184559986,0.0,73.27,0.38960930345317973,0.22613914485854106,1.0,0.03188475641327817,0.025044669302402723,0.23858098478067188,1.0,0.0,0.3586552064275129,0.030090632803152502,0.2545434268598297,0.0,0.1608223165226238,40,0.16144012656053686,0.12285884572932976,1.7076839203822627,High Equity,1.5803130549644464,-0.8506815880683161,2,Type C
relation/7854082,relation/7854082,10,administrative,Ward 84 Bagh Amberpet,boundary,2018-01-01 20:34:02+00:00,2,55085615,adivik2000,250196,17.0,1.0,25.0,0.0,18.0,0.0,0.0,0.0,1.5651933462828782,10.861277963117267,0.6388987037127805,15.97246759281951,0.0,11.500176666830049,0.0,0.0,73.27,0.25421754289676124,0.14755432493316112,0.3329048532952662,0.0,0.2941467163468538,0.0,1.0,0.0,0.19817155068790399,0.07715334031342244,0.020964070715465157,0.0,0.07407224042919788,41,0.16144012656053686,0.05502485632152095,0.20429949502653424,Average,0.40181886895180885,0.37540568872605184,0,Type D
relation/7854083,relation/7854083,10,administrative,Ward 81 Nallakunta,boundary,2018-01-01 20:34:02+00:00,2,55085615,adivik2000,250196,6.0,2.0,41.0,0.0,12.0,0.0,0.0,0.0,1.3034255044969718,4.603255022476768,1.5344183408255891,31.45557598692458,0.0,9.206510044953536,0.0,0.0,73.27,0.10774313898558538,0.3543755232713143,0.6556102773971397,0.0,0.23548026932040766,0.0,1.0,0.0,0.3191995789763353,0.061765399191300904,0.020964070715465157,0.0,0.10048226222077533,42,0.16144012656053686,0.10217573510286497,0.6619868795540483,Average,0.8815002950881224,0.42738971652268426,2,Type C
relation/7854084,relation/7854084,10,administrative,Ward 85 Adikmet,boundary,2017-12-30 20:24:03+00:00,1,55044136,adivik2000,250196,6.0,1.0,40.0,0.0,7.0,1.0,0.0,0.0,1.0833923516400132,5.538159828170602,0.9230266380284337,36.92106552113734,0.0,6.4611864661990355,0.9230266380284337,0.0,73.27,0.12962538924682881,0.21317396901596866,0.7695242973192632,0.0,0.16526152926145,0.4498049684343567,1.0,0.0,0.2522177673179794,0.0433473443667142,0.4613392959833964,0.0,0.1892261019170225,43,0.16144012656053686,0.09536943818990729,2.1999233570035934,High Equity,1.7995906382010813,-1.9040920353334196,2,Type C
relation/7854085,relation/7854085,10,administrative,Ward 87 Ramnagar,boundary,2017-12-30 20:24:03+00:00,1,55044136,adivik2000,250196,18.0,0.0,49.0,7.0,15.0,1.0,0.0,0.0,1.788530822459712,10.064126250418848,0.0,27.396788126140198,3.913826875162885,8.386771875349039,0.5591181250232693,0.0,73.27,0.23555952213656195,0.0,0.5710153223910351,0.25489358247762717,0.21451334873832523,0.27246679588181194,1.0,0.0,0.12992098140299524,0.24430203158657393,0.28771885342079456,0.0,0.16548546660259095,44,0.16144012656053686,0.11455208614723797,1.7884966126474422,High Equity,2.053903944376713,-0.008444871625557604,2,Type C
relation/7854086,relation/7854086,10,administrative,Ward 89 Gandhinagar,boundary,2017-12-30 20:24:04+00:00,1,55044136,adivik2000,250196,11.0,0.0,37.0,0.0,7.0,0.0,0.0,0.0,1.3873408141693013,7.928837591782719,0.0,26.669726445087328,0.0,5.045623922043548,0.0,0.0,73.27,0.1855812564097172,0.0,0.5558615985934469,0.0,0.12905486164147262,0.0,1.0,0.0,0.11424574837104849,0.033850500807851985,0.020964070715465157,0.0,0.042265079973591406,45,0.16144012656053686,0.13907727230421946,-0.3469206513656274,Average,-0.30311292257645805,0.01811074762848039,0,Type D
relation/7854087,relation/7854087,10,administrative,Ward 86 Musheerabad,boundary,2017-12-30 20:24:04+00:00,1,55044136,adivik2000,250196,13.0,1.0,11.0,0.0,9.0,0.0,0.0,0.0,0.9053514079600146,14.359065315082775,1.104543485775598,12.14997834353158,0.0,9.940891371980383,0.0,0.0,73.27,0.3360862612199257,0.25509547516034314,0.25323493282981474,0.0,0.2542639682277859,0.0,1.0,0.0,0.27753422800187544,0.06669227762851218,0.020964070715465157,0.0,0.09129764408646318,46,0.16144012656053686,0.10791924630571022,0.5028168536846293,Average,0.713807830369636,0.4072877712575518,0,Type D
relation/7854088,relation/7854088,10,administrative,Ward 146 Boudha Nagar,boundary,2017-12-30 20:24:04+00:00,1,55044136,adivik2000,250196,3.0,0.0,10.0,0.0,3.0,0.0,0.0,0.0,0.8320538656478595,3.605535799853678,0.0,12.018452666178927,0.0,3.605535799853678,0.0,0.0,73.27,0.08439066332504049,0.0,0.2504936196251269,0.0,0.09222088902833545,0.0,1.0,0.0,0.051696330669512916,0.02418911801422064,0.020964070715465157,0.0,0.02421237984979968,47,0.16144012656053686,0.10889674450698006,-0.6597751112567887,Average,-0.6725204797549956,-0.11359390513894538,0,Type D
relation/7854089,relation/7854089,10,administrative,Ward 88 Bholakpur,boundary,2017-12-30 20:24:04+00:00,1,55044136,adivik2000,250196,18.0,2.0,26.0,2.0,8.0,0.0,0.0,0.0,0.9594286627429672,18.761165575915502,2.0845739528795,27.0994613874335,2.0845739528795,8.338295811518,0.0,0.0,73.27,0.4391212001740982,0.4814345382185394,0.5648183140856677,0.13576086519332584,0.21327344822110553,0.0,1.0,0.0,0.47895571876935317,0.15609206171724943,0.020964070715465157,0.0,0.16400296280051693,48,0.16144012656053686,0.10175552997904308,1.7628047259432917,High Equity,2.3054367180104314,1.178331036757187,2,Type C
relation/7854090,relation/7854090,10,administrative,Ward 145 Seethaphalmandi,boundary,2018-01-02 11:53:47+00:00,3,55098554,adivik2000,250196,9.0,0.0,15.0,0.0,12.0,0.0,0.0,0.0,1.0658411802958871,8.44403478340133,0.0,14.073391305668885,0.0,11.258713044535108,0.0,0.0,73.27,0.19763988934456617,0.0,0.293323510644453,0.0,0.28797066065023713,0.0,1.0,0.0,0.0881684902437643,0.07553338911058857,0.020964070715465157,0.0,0.04616648751745451,49,0.16144012656053686,0.046295030383277855,-0.2793090064825445,Average,-0.1418151263345875,0.23527024739334426,0,Type D
relation/7854091,relation/7854091,10,administrative,Ward 147 Bansilapet,boundary,2018-01-01 04:50:22+00:00,2,55069436,adivik2000,250196,11.0,1.0,36.0,1.0,15.0,0.0,0.0,0.0,2.093326664101103,5.254793811516044,0.4777085283196404,17.197507019507054,0.4777085283196404,7.165627924794606,0.0,0.0,73.27,0.12299296415477369,0.11032728506318362,0.35843763764761455,0.031111452306750425,0.18327943871688718,0.0,1.0,0.0,0.14169982568954084,0.0710244201825011,0.020964070715465157,0.0,0.058422079146876776,50,0.16144012656053686,0.10862926230026351,-0.066918811465877,Average,0.0861962351936707,0.2719358553001893,0,Type D
relation/7856356,relation/7856356,10,administrative,Ward 40 Riyasat Nagar,boundary,2018-01-01 18:13:05+00:00,2,55082663,adivik2000,250196,3.0,0.0,5.0,0.0,11.0,0.0,0.0,0.0,1.1064894535560965,2.711277536680025,0.0,4.518795894466708,0.0,9.941350967826757,0.0,0.0,73.27,0.06345978031558988,0.0,0.09418263493581717,0.0,0.25427572357841866,0.0,1.0,0.0,0.02830983684610297,0.06669536100329582,0.020964070715465157,0.0,0.028992317141215987,51,0.16144012656053686,0.022547461083870193,-0.576938489069239,Average,-0.492518904824376,0.11165813496086659,0,Type D
relation/7856357,relation/7856357,10,administrative,Ward 36 Lalithabagh,boundary,2018-01-01 18:13:05+00:00,2,55082663,adivik2000,250196,2.0,1.0,0.0,0.0,1.0,0.0,0.0,0.0,1.0069174604037394,1.9862601242390499,0.9931300621195249,0.0,0.0,0.9931300621195249,0.0,0.0,73.27,0.04649012483176932,0.2293644282501985,0.0,0.0,0.025401866000927087,0.0,1.0,0.0,0.1524992058307976,0.0066627934403131915,0.020964070715465157,0.0,0.04503151749664399,52,0.16144012656053686,0.036545692654373296,-0.29897811029629323,Average,-0.3054873207912797,-0.09832995513242246,0,Type D
relation/7856358,relation/7856358,10,administrative,Ward 35 Gowlipura,boundary,2017-12-31 08:32:24+00:00,1,55052386,adivik2000,250196,8.0,0.0,11.0,0.0,8.0,0.0,0.0,0.0,1.044293668265784,7.660680365213048,0.0,10.533435502167942,0.0,7.660680365213048,0.0,0.0,73.27,0.1793048061172153,0.0,0.2195422704830397,0.0,0.1959416833055801,0.0,1.0,0.0,0.0747653206867411,0.051394608654525484,0.020964070715465157,0.0,0.036781000014182934,53,0.16144012656053686,0.029358887262869914,-0.4419601114982159,Average,-0.37319768408643644,0.07569776265859356,0,Type D
relation/7856359,relation/7856359,10,administrative,Ward 44 Uppuguda,boundary,2017-12-31 08:32:24+00:00,1,55052386,adivik2000,250196,3.0,0.0,12.0,0.0,6.0,0.0,0.0,0.0,1.4082629032338847,2.1302840493141635,0.0,8.521136197256654,0.0,4.260568098628327,0.0,0.0,73.27,0.04986112854563011,0.0,0.1776010863175563,0.0,0.10897503162698163,0.0,1.0,0.0,0.033864394220974835,0.02858365310074765,0.020964070715465157,0.0,0.020853029509296912,54,0.16144012656053686,0.030495877491152384,-0.7179928697724848,Average,-0.7285214942193149,-0.10859140921539531,0,Type D
relation/7856360,relation/7856360,10,administrative,Ward 45 Jangammet,boundary,2017-12-31 08:32:24+00:00,1,55052386,adivik2000,250196,7.0,0.0,16.0,0.0,5.0,0.0,0.0,0.0,1.6509132670493545,4.240077380025521,0.0,9.691605440058334,0.0,3.028626700018229,0.0,0.0,73.27,0.0992426542164343,0.0,0.20199649606230266,0.0,0.07746494898815585,0.0,1.0,0.0,0.05040941188192033,0.020318702332877577,0.020964070715465157,0.0,0.022923046232565768,55,0.16144012656053686,0.027885616278634097,-0.6821193461730728,Average,-0.7054472475477818,-0.13815703968752738,0,Type D
relation/7856361,relation/7856361,10,administrative,Ward 48 Shalibanda,boundary,2017-12-31 08:32:24+00:00,1,55052386,adivik2000,250196,13.0,0.0,18.0,0.0,7.0,0.0,0.0,0.0,1.5703201083080927,8.278566854758402,0.0,11.46263102966548,0.0,4.4576898448699085,0.0,0.0,73.27,0.19376697030219697,0.0,0.2389089524917262,0.0,0.11401692933493236,0.0,1.0,0.0,0.08098175944980437,0.029906119842916835,0.020964070715465157,0.0,0.03296298750204659,56,0.16144012656053686,0.05524546136557375,-0.508126515091654,Average,-0.4913319923096834,-0.044826136272365126,0,Type D
relation/7856362,relation/7856362,10,administrative,Ward 43 Chandrayangutta,boundary,2018-01-02 04:08:42+00:00,4,55091137,adivik2000,250196,3.0,1.0,33.0,0.0,4.0,0.0,0.0,0.0,2.038039859085631,1.4720026139949753,0.49066753799832513,16.19202875394473,0.0,1.9626701519933005,0.0,0.0,73.27,0.03445348594687946,0.11332018192434277,0.33748103889144726,0.0,0.05020035754285004,0.0,1.0,0.0,0.11641108232095461,0.013167324515674195,0.020964070715465157,0.0,0.03763561938802349,57,0.16144012656053686,0.019441218441944484,-0.4271495025155164,Average,-0.4353013087422069,-0.10242568943294636,0,Type D
relation/7856363,relation/7856363,10,administrative,Ward 46 Falaknuma,boundary,2017-12-31 08:32:25+00:00,1,55052386,adivik2000,250196,3.0,0.0,13.0,0.0,1.0,0.0,0.0,0.0,1.8235166477247815,1.6451728059314006,0.0,7.129082159036069,0.0,0.5483909353104668,0.0,0.0,73.27,0.03850668307953103,0.0,0.14858731354388421,0.0,0.014026514337054711,0.0,1.0,0.0,0.027434841002719316,0.0036790906507410213,0.020964070715465157,0.0,0.013019500592231375,58,0.16144012656053686,0.03071811473625641,-0.8537484321861357,Average,-0.9314311470147745,-0.26444917790473704,0,Type D
relation/7856364,relation/7856364,10,administrative,Ward 47 Nawab Saheb Kunta,boundary,2017-12-31 08:32:25+00:00,1,55052386,adivik2000,250196,9.0,0.0,6.0,0.0,2.0,0.0,0.0,0.0,1.0368377675299525,8.68023936033947,0.0,5.786826240226314,0.0,1.928942080075438,0.0,0.0,73.27,0.2031684604182549,0.0,0.12061145401314116,0.0,0.04933767500407087,0.0,1.0,0.0,0.0703411251229567,0.012941046825671392,0.020964070715465157,0.0,0.026061560666023314,59,0.16144012656053686,0.02445595446939746,-0.6277286881990931,Average,-0.6598595775084236,-0.15842399510307656,0,Type D
relation/7856365,relation/7856365,10,administrative,Ward 54 Jahanuma,boundary,2017-12-31 08:32:25+00:00,1,55052386,adivik2000,250196,8.0,0.0,8.0,0.0,0.0,0.0,0.0,0.0,1.4953132553692323,5.3500495439830695,0.0,5.3500495439830695,0.0,0.0,0.0,0.0,73.27,0.12522250641829277,0.0,0.11150797133955503,0.0,0.0,0.0,1.0,0.0,0.04752395073145679,0.0,0.020964070715465157,0.0,0.01712200536173049,60,0.16144012656053686,0.054044317794594544,-0.7826517593858688,Average,-0.8595694607201189,-0.26251576630641227,0,Type D
relation/7856366,relation/7856366,10,administrative,Ward 55 Ramnaspura,boundary,2018-01-01 21:02:33+00:00,2,55086287,adivik2000,250196,9.0,0.0,23.0,0.0,5.0,0.0,56.2,0.0,2.8096959326336517,3.203193589551131,0.0,8.185939173297335,0.0,1.7795519941950728,0.0,0.0,17.07,0.07497349819455619,0.0,0.17061476968002234,0.0,0.045516637772249256,0.0,0.23297393203220956,0.0,0.040102902165195325,0.01193880621065341,0.0048840819859832145,0.0,0.014231447590457988,61,0.16144012656053686,0.05801103637934872,-0.8327453123787446,Average,-0.8631392694016363,-0.122031831681415,0,Type D
relation/7856367,relation/7856367,10,administrative,Ward 53 Doodh Bowli,boundary,2018-01-01 21:02:33+00:00,2,55086287,adivik2000,250196,43.0,3.0,5.0,0.0,4.0,0.0,0.0,0.0,1.192095831771114,36.07092555311957,2.516576201380435,4.194293668967392,0.0,3.3554349351739137,0.0,0.0,73.27,0.8442710052412873,0.5812059100756648,0.08741922376305626,0.0,0.0858239135528848,0.0,1.0,0.0,0.5993781509463105,0.022511220562351497,0.020964070715465157,0.0,0.16071336055603178,62,0.16144012656053686,0.03069723042655052,1.7057957064393998,High Equity,1.9669096833185313,0.5261191079948633,2,Type C
relation/7856368,relation/7856368,10,administrative,Ward 33 Moghalpura,boundary,2017-12-31 08:32:25+00:00,1,55052386,adivik2000,250196,6.0,0.0,9.0,0.0,8.0,0.0,0.0,0.0,0.8438275589519407,7.110457505621387,0.0,10.66568625843208,0.0,9.480610007495182,0.0,0.0,73.27,0.16642636732888727,0.0,0.22229869608581215,0.0,0.2424910836990223,0.0,1.0,0.0,0.07147331464839501,0.06360430378403367,0.020964070715465157,0.0,0.03901042228697346,63,0.16144012656053686,0.08101654451404625,-0.40332407942321413,Average,-0.30491167041943107,0.1444639721514353,0,Type D
relation/7856369,relation/7856369,10,administrative,Ward 52 Puranapool,boundary,2017-12-31 08:32:26+00:00,1,55052386,adivik2000,250196,9.0,0.0,9.0,0.0,24.0,0.0,0.0,0.0,0.8171754262095129,11.013547044294649,0.0,11.013547044294649,0.0,29.369458784785728,0.0,0.0,73.27,0.25778153157355516,0.0,0.22954895614812182,0.0,0.7511997522043501,0.0,1.0,0.0,0.09783222805857755,0.19703626423229573,0.020964070715465157,0.0,0.07895814075158461,64,0.16144012656053686,0.07643180677913572,0.28897246338919125,Average,0.7430701639440693,0.9699124137033961,0,Type D
relation/7856370,relation/7856370,10,administrative,Ward 32 Patthergatti,boundary,2018-01-02 08:41:46+00:00,4,55094174,adivik2000,250196,46.0,7.0,25.0,0.0,45.0,0.0,0.0,0.0,1.6166573332045193,28.453772518892013,4.329921905048785,15.46400680374566,0.0,27.835212246742188,0.0,0.0,73.27,0.6659849937051112,1.0,0.32230730076248654,0.0,0.7119574349507638,0.0,1.0,0.0,0.8305817834412617,0.18674318363851805,0.020964070715465157,0.0,0.25957225944881124,65,0.16144012656053686,0.0822711522136404,3.419026813501037,High Equity,4.2188776129390115,1.7778890621581493,2,Type C
relation/7856371,relation/7856371,10,administrative,Ward 49 Ghansi Bazar,boundary,2018-01-02 08:41:46+00:00,2,55094174,adivik2000,250196,15.0,0.0,59.0,2.0,7.0,0.0,0.0,0.0,1.7186794099944127,8.727631175874018,0.0,34.32868262510447,1.1636841567832024,4.072894548741209,0.0,0.0,73.27,0.20427770658058694,0.0,0.7154927682099506,0.07578659788894794,0.1041747959398485,0.0,1.0,0.0,0.13737985691930024,0.08323269258722518,0.020964070715465157,0.0,0.060394155055497646,66,0.16144012656053686,0.0927020980744738,-0.03274260851422864,Average,0.1494966749828223,0.33947415311389884,0,Type D
relation/7857543,relation/7857543,10,administrative,Ward 94 Shaikpet,boundary,2017-12-31 16:08:31+00:00,1,55061466,adivik2000,250196,6.0,4.0,40.0,3.0,9.0,0.0,0.0,0.0,4.358765288012814,1.3765366115263882,0.9176910743509255,9.176910743509255,0.6882683057631941,2.064804917289582,0.0,0.0,73.27,0.03221902213330674,0.2119417149951082,0.19126901382132752,0.044824459475992076,0.052812717918444066,0.0,1.0,0.0,0.15936697969374775,0.046919743182628156,0.020964070715465157,0.0,0.056812698397960264,67,0.16144012656053686,0.05005379648625423,-0.09480948385886385,Average,0.005441994062783222,0.1494242162124846,0,Type D
relation/7857544,relation/7857544,10,administrative,Ward 76 Mallepally,boundary,2018-01-01 20:14:06+00:00,2,55085177,adivik2000,250196,27.0,2.0,4.0,0.0,8.0,0.0,0.0,0.0,0.9082854107067891,29.72633896980658,2.201951034800487,4.403902069600974,0.0,8.807804139201949,0.0,0.0,73.27,0.695770504896605,0.5085428982524981,0.09178796976030892,0.0,0.22528233616141607,0.0,1.0,0.0,0.5141494485389709,0.059090527898223395,0.020964070715465157,0.0,0.14855101178816488,68,0.16144012656053686,0.10101306202663594,1.4950214162397724,High Equity,1.8066865460504713,0.6427326591814,2,Type C
relation/7857545,relation/7857545,10,administrative,Ward 63 Mangalhat,boundary,2018-01-01 20:14:06+00:00,2,55085177,adivik2000,250196,11.0,0.0,6.0,0.0,7.0,0.0,0.0,0.0,1.0142079635191499,10.845901822572607,0.0,5.915946448675967,0.0,6.901937523455295,0.0,0.0,73.27,0.253857651115907,0.0,0.12330263142837723,0.0,0.17653487574770607,0.0,1.0,0.0,0.08481721525840105,0.04630429166406091,0.020964070715465157,0.0,0.03802139440948178,69,0.16144012656053686,0.08191999567291539,-0.42046399646100796,Average,-0.35965465547603576,0.057324763548287305,0,Type D
relation/7857546,relation/7857546,10,administrative,Ward 64 Dattatreya Nagar,boundary,2017-12-31 16:08:32+00:00,1,55061466,adivik2000,250196,7.0,0.0,3.0,0.0,9.0,0.0,0.0,0.0,0.8031018731857783,8.716204299502012,0.0,3.7355161283580047,0.0,11.206548385074015,0.0,0.0,73.27,0.20401025072095963,0.0,0.0778571902848734,0.0,0.28663641477433777,0.0,1.0,0.0,0.06578071768796775,0.07518342251091503,0.020964070715465157,0.0,0.04048205272858699,70,0.16144012656053686,0.035871363552515,-0.3778206287585892,Average,-0.25259512150815927,0.2066292715525064,0,Type D
relation/7857547,relation/7857547,10,administrative,Ward 73 Vijay Nagar Colony,boundary,2018-01-01 20:14:06+00:00,2,55085177,adivik2000,250196,16.0,3.0,35.0,1.0,7.0,0.0,0.0,0.0,1.769584911275864,9.041668415031896,1.6953128278184806,19.778649657882273,0.5651042759394935,3.955729931576455,0.0,0.0,73.27,0.21162801798849842,0.391534273595491,0.41223489260330776,0.03680322557998899,0.10117800828958119,0.0,1.0,0.0,0.3435491037892972,0.05368843708151427,0.020964070715465157,0.0,0.10455040289656915,71,0.16144012656053686,0.08653791809090672,0.7324880203894514,Average,0.9436482669138108,0.4082012546127326,2,Type C
relation/7857548,relation/7857548,10,administrative,Ward 72 Asif Nagar,boundary,2017-12-31 16:08:32+00:00,1,55061466,adivik2000,250196,3.0,0.0,8.0,0.0,6.0,0.0,0.0,0.0,1.2323371978782933,2.43439864118772,0.0,6.491729709833921,0.0,4.86879728237544,0.0,0.0,73.27,0.05697919186816734,0.0,0.13530334709561886,0.0,0.124532063694286,0.0,1.0,0.0,0.03111022980631957,0.03266419156217385,0.020964070715465157,0.0,0.021184623020989647,72,0.16144012656053686,0.06582974230121932,-0.7122463327839639,Average,-0.7137058263866666,-0.08757146059953788,0,Type D
relation/7857549,relation/7857549,10,administrative,Ward 70 Mehdipatnam,boundary,2017-12-31 16:08:32+00:00,1,55061466,adivik2000,250196,5.0,0.0,32.0,0.0,8.0,0.0,0.0,0.0,1.2758610273697473,3.9189221182715768,0.0,25.08110155693809,0.0,6.270275389234523,0.0,0.0,73.27,0.09172573937375206,0.0,0.5227508139099155,0.0,0.1603784854587123,0.0,1.0,0.0,0.0842868551673103,0.0420665442783878,0.020964070715465157,0.0,0.036829367540290814,73,0.16144012656053686,0.041961125227974225,-0.44112189914477357,Average,-0.3914531694100153,0.031472775779998824,0,Type D
relation/7857550,relation/7857550,10,administrative,Ward 71 Gudimalkapur,boundary,2017-12-31 16:08:33+00:00,1,55061466,adivik2000,250196,1.0,0.0,24.0,0.0,11.0,0.0,0.0,0.0,1.6013170604618634,0.6244859464068738,0.0,14.987662713764973,0.0,6.869345410475613,0.0,0.0,73.27,0.014616630143176084,0.0,0.3123791379115331,0.0,0.17570124829227485,0.0,1.0,0.0,0.03912719207170013,0.046085634989724095,0.020964070715465157,0.0,0.026544224444222345,74,0.16144012656053686,0.03899240084415673,-0.6193640937283482,Average,-0.5823213195693981,0.001822522927055087,0,Type D
relation/7857551,relation/7857551,10,administrative,Ward 69 Nanal Nagar,boundary,2017-12-31 16:08:33+00:00,1,55061466,adivik2000,250196,1.0,0.0,42.0,0.0,3.0,0.0,0.0,0.0,3.0235717277121044,0.33073467079832974,0.0,13.89085617352985,0.0,0.9922040123949893,0.0,0.0,73.27,0.007741129142135447,0.0,0.289519037038052,0.0,0.025378179887788344,0.0,1.0,0.0,0.034640350803985205,0.006656580681012691,0.020964070715465157,0.0,0.015565250550115765,75,0.16144012656053686,0.06489307451864322,-0.8096304208842019,Average,-0.8760152465454794,-0.23817962657768352,0,Type D
relation/7857552,relation/7857552,10,administrative,Ward 68 Tolichowki,boundary,2017-12-31 16:08:33+00:00,1,55061466,adivik2000,250196,13.0,0.0,4.0,0.0,7.0,0.0,0.0,0.0,2.2558994357049125,5.762668226359932,0.0,1.7731286850338253,0.0,3.1029751988091943,0.0,0.0,73.27,0.1348802012073726,0.0,0.036956290024352786,0.0,0.07936660384253372,0.0,1.0,0.0,0.04186197989855319,0.020817497716217766,0.020964070715465157,0.0,0.02091088708255903,76,0.16144012656053686,0.03673614077444199,-0.7169901942885177,Average,-0.7433796981445616,-0.1453278190447698,0,Type D
relation/7857553,relation/7857553,10,administrative,Ward 67 Golconda,boundary,2017-12-31 16:08:33+00:00,1,55061466,adivik2000,250196,2.0,4.0,7.0,0.0,0.0,0.0,0.0,0.0,2.5972611015166898,0.7700419487405734,1.5400838974811468,2.695146820592007,0.0,0.0,0.0,0.0,73.27,0.01802349344165742,0.35568398951615615,0.05617337782683857,0.0,0.0,0.0,1.0,0.0,0.22766752484289857,0.0,0.020964070715465157,0.0,0.06215789888959093,77,0.16144012656053686,0.026632857934472877,-0.0021768138786434615,Average,0.012399129630026338,-0.04881643672985734,0,Type D
relation/7857554,relation/7857554,10,administrative,Ward 66 Langar Houz,boundary,2018-01-02 08:41:46+00:00,3,55094174,adivik2000,250196,13.0,0.0,28.0,0.0,7.0,0.0,0.0,0.0,6.888845969193384,1.8871085314050318,0.0,4.064541452256991,0.0,1.0161353630642478,0.0,0.0,73.27,0.044169396608980165,0.0,0.08471487376718398,0.0,0.02599028598155045,0.0,1.0,0.0,0.021853657011054815,0.006817133313884034,0.020964070715465157,0.0,0.012408715260101,78,0.16144012656053686,0.039261146123330794,-0.8643333814670059,Average,-0.9368006068843515,-0.25239252673738505,0,Type D
relation/7857793,relation/7857793,10,administrative,Ward 100 Sanath Nagar,boundary,2018-01-01 06:40:09+00:00,2,55070100,adivik2000,250196,8.0,1.0,28.0,1.0,11.0,1.0,70.36,0.0,2.5755404084510642,3.1061442382149296,0.3882680297768662,10.871504833752255,0.3882680297768662,4.270948327545528,0.3882680297768662,0.0,2.91,0.07270197474030028,0.0896709082268059,0.2265884529580193,0.025286511700197942,0.10924053278747511,0.18920893686328613,0.03971611846594782,0.0,0.10028409150251238,0.04730726800872309,0.18607495884695016,0.0,0.0834165795895464,79,0.16144012656053686,0.11651497195628355,0.3662374965999321,Average,0.23554502780019612,-0.721612514767267,0,Type D
relation/7857794,relation/7857794,10,administrative,Ward 98 Ameerpet,boundary,2017-12-31 19:13:10+00:00,2,55064631,adivik2000,250196,15.0,2.0,57.0,38.0,12.0,0.0,0.0,0.0,2.4748044415599564,6.061084968210649,0.8081446624280865,23.032122879200465,15.354748586133644,4.848867974568519,0.0,0.0,73.27,0.1418649014544486,0.18664185640063666,0.4800451429073948,1.0,0.12402232018161632,0.0,1.0,0.0,0.20703227719280473,0.7702350552222548,0.020964070715465157,0.0,0.24955785078263115,80,0.16144012656053686,0.06853599396056054,3.245476464084992,High Equity,5.225483480031717,4.511100668055418,3,Type B
relation/7857795,relation/7857795,10,administrative,Ward 97 Somajiguda,boundary,2017-12-31 18:34:34+00:00,1,55064040,adivik2000,250196,5.0,0.0,63.0,3.0,10.0,0.0,0.0,0.0,2.224595764583289,2.2475993524767857,0.0,28.3197518412075,1.3485596114860714,4.495198704953571,0.0,0.0,73.27,0.052606994015187696,0.0,0.5902521183573305,0.08782687674247627,0.11497631529457121,0.0,1.0,0.0,0.08091978367275776,0.09494805048170007,0.020964070715465157,0.0,0.04920797621748075,81,0.16144012656053686,0.10823002005282986,-0.2265998107397017,Average,-0.04298237126200261,0.34222629026995377,0,Type D
relation/7857796,relation/7857796,10,administrative,Ward 96 Yousufguda,boundary,2017-12-31 18:34:34+00:00,1,55064040,adivik2000,250196,1.0,0.0,24.0,1.0,7.0,0.0,0.0,0.0,1.8240708642358878,0.5482243149686539,0.0,13.157383559247693,0.5482243149686539,3.837570204780577,0.0,0.0,73.27,0.012831661134247557,0.0,0.2742316938874253,0.035703893938304976,0.09815576814072362,0.0,1.0,0.0,0.03434901648880186,0.052084735320428364,0.020964070715465157,0.0,0.026849455631173847,82,0.16144012656053686,0.07541238428308736,-0.6140744175313898,Average,-0.5640687379940427,0.031860616520014484,0,Type D
relation/7857797,relation/7857797,10,administrative,Ward 102 Rahmath Nagar,boundary,2017-12-31 18:34:34+00:00,1,55064040,adivik2000,250196,4.0,0.0,6.0,0.0,5.0,0.0,0.0,0.0,0.9683642512945746,4.130677061500908,0.0,6.196015592251362,0.0,5.163346326876135,0.0,0.0,73.27,0.09668204576300071,0.0,0.12913994971452686,0.0,0.13206591615177737,0.0,1.0,0.0,0.04152098245354207,0.03464028665425208,0.020964070715465157,0.0,0.024281334955814828,83,0.16144012656053686,0.08963645407764786,-0.6585801148129783,Average,-0.6496827134122285,-0.06345986538173873,0,Type D
relation/7857798,relation/7857798,10,administrative,Ward 101 Erragadda,boundary,2017-12-31 18:34:34+00:00,1,55064040,adivik2000,250196,2.0,3.0,39.0,2.0,11.0,0.0,0.0,0.0,1.5453966866623052,1.2941660981036083,1.9412491471554123,25.23623891302036,1.2941660981036083,7.117913539569845,0.0,0.0,73.27,0.030291069492688207,0.4483335241894023,0.525984251603062,0.08428442125534547,0.18205902009698427,0.0,1.0,0.0,0.34014649535473684,0.10993025198949503,0.020964070715465157,0.0,0.11776020451492425,84,0.16144012656053686,0.05824371120180016,0.961414736184908,Average,1.315125963741542,0.7389129827720022,2,Type C
relation/7857799,relation/7857799,10,administrative,Ward 103 Borabanda,boundary,2017-12-31 18:34:34+00:00,1,55064040,adivik2000,250196,3.0,0.0,4.0,0.0,11.0,0.0,0.0,0.0,0.9610592377929118,3.121555760589273,0.0,4.162074347452364,0.0,11.445704455494003,0.0,0.0,73.27,0.07306269466327882,0.0,0.08674769518177085,0.0,0.2927534488727232,0.0,1.0,0.0,0.030161113475607043,0.07678789261808776,0.020964070715465157,0.0,0.03197826920228999,85,0.16144012656053686,0.06443839319665505,-0.5251917468687709,Average,-0.41394117958659904,0.17392443888441908,0,Type D
relation/7857800,relation/7857800,10,administrative,Ward 99 Vengal Rao Nagar,boundary,2017-12-31 18:34:34+00:00,1,55064040,adivik2000,250196,8.0,4.0,42.0,3.0,7.0,1.0,0.0,0.0,2.3334762624955223,3.428361423074622,1.714180711537311,17.998897471141767,1.2856355336529834,2.9998162451902948,0.4285451778843278,0.0,73.27,0.08024374480569256,0.39589183110636206,0.3751405527847607,0.08372885602399231,0.07672804720572157,0.20883660586729225,1.0,0.0,0.3052994662785788,0.0818925758440418,0.22542261120937776,0.0,0.1531536633329996,86,0.16144012656053686,0.0918455669485952,1.574785664981087,High Equity,1.5888198780449534,-0.4639826717988262,2,Type C
relation/7857838,relation/7857838,10,administrative,Ward 150 Monda Market,boundary,2018-01-01 11:38:39+00:00,3,55073879,adivik2000,250196,26.0,4.0,77.0,2.0,7.0,1.0,0.0,0.0,2.5106928683628764,10.355707114806748,1.5931857099702689,30.668824916927676,0.7965928549851344,2.7880749924479704,0.3982964274925672,0.0,73.27,0.24238422279813412,0.36794790874001193,0.6392124823779809,0.05187925093768781,0.0713122178655544,0.19409592812888288,1.0,0.0,0.36326461125141,0.056976429411430135,0.2109909580814703,0.0,0.15780799968607762,87,0.16144012656053686,0.05500506688859658,1.6554456147896468,High Equity,1.6526515155381936,-0.4733105890346848,2,Type C
relation/7857839,relation/7857839,10,administrative,Ward 148 Ramgopalpet,boundary,2018-01-01 04:50:22+00:00,2,55069436,adivik2000,250196,24.0,0.0,58.0,8.0,9.0,0.0,0.0,0.0,1.6951175173415376,14.158310414748906,0.0,34.215916835643185,4.719436804916302,5.30936640553084,0.0,0.0,73.27,0.3313874202860442,0.0,0.7131424564388245,0.3073600833281156,0.1358007567460854,0.0,1.0,0.0,0.17265990667858888,0.26236085548660265,0.020964070715465157,0.0,0.11399620822016417,88,0.16144012656053686,0.09321918925039427,0.8961844371296682,Average,1.55586609859965,1.447486742041898,0,Type D
relation/7857840,relation/7857840,10,administrative,Ward 149 Begumpet,boundary,2018-01-01 06:40:09+00:00,2,55070100,adivik2000,250196,15.0,1.0,76.0,4.0,16.0,0.0,0.0,0.0,5.612885078079831,2.672422433621517,0.1781614955747678,13.540273663682353,0.7126459822990712,2.8505839291962847,0.0,0.0,73.27,0.06255034324362867,0.041146584045090404,0.28221204966553515,0.046412090585621034,0.07291104534616893,0.0,1.0,0.0,0.07417232040818895,0.05336264539711759,0.020964070715465157,0.0,0.037124759130192926,89,0.16144012656053686,0.1219350088364033,-0.4360027438006141,Average,-0.36249282189928633,0.08670794788492038,0,Type D
relation/7858226,relation/7858226,10,administrative,Ward 90 Kavadiguda,boundary,2018-01-01 04:50:21+00:00,1,55069436,adivik2000,250196,10.0,3.0,32.0,3.0,7.0,1.0,0.0,0.0,2.1049493963089265,4.750708030100492,1.4252124090301477,15.202265696321573,1.4252124090301477,3.325495621070344,0.47507080301004917,0.0,73.27,0.11119440332281463,0.3291542989189524,0.3168519830752227,0.09281900000089933,0.08505813827930638,0.23150925308987347,1.0,0.0,0.26682621147488295,0.09078336141561115,0.247619947452278,0.0,0.15130738008569303,90,0.16144012656053686,0.11463006304885784,1.542789456979994,High Equity,1.5329439277195114,-0.5646937168022531,2,Type C
relation/7858244,relation/7858244,10,administrative,Ward 117 Moosapet,boundary,2018-01-01 06:40:06+00:00,1,55070100,adivik2000,250196,3.0,0.0,16.0,2.0,12.0,0.0,0.0,0.0,1.9480824117969457,1.5399759177707204,0.0,8.213204894777176,1.026650611847147,6.159903671082882,0.0,0.0,73.27,0.03604445952541455,0.0,0.171183053256526,0.06686209195077805,0.1575554437427093,0.0,1.0,0.0,0.029280920803698332,0.0906505439242371,0.020964070715465157,0.0,0.035223883860850146,91,0.16144012656053686,0.052685847784411745,-0.46894503507187646,Average,-0.322579155607705,0.2553900187864005,0,Type D
relation/7858245,relation/7858245,10,administrative,Ward 118 Fateh Nagar,boundary,2018-01-01 06:40:06+00:00,1,55070100,adivik2000,250196,5.0,0.0,55.0,0.0,19.0,0.0,0.0,0.0,3.3364455447522325,1.4986008112328728,0.0,16.484608923561602,0.0,5.694683082684917,0.0,0.0,73.27,0.035076039606795284,0.0,0.34357911721762874,0.0,0.1456562258073093,0.0,1.0,0.0,0.04834799563538434,0.03820496280920064,0.020964070715465157,0.0,0.026879257290012535,92,0.16144012656053686,0.07697615732468105,-0.6135579528576345,Average,-0.592048568448427,-0.03414441501185007,0,Type D
relation/7858246,relation/7858246,10,administrative,Ward 127 Rangareddy Nagar,boundary,2018-01-01 06:40:06+00:00,1,55070100,adivik2000,250196,5.0,0.0,32.0,0.0,14.0,0.0,0.0,0.0,2.759512595222088,1.8119141795754679,0.0,11.596250749282994,0.0,5.07335970281131,0.0,0.0,73.27,0.04240940819631459,0.0,0.24169391060155643,0.0,0.12976427585957628,0.0,1.0,0.0,0.03897003906187094,0.034036576917326526,0.020964070715465157,0.0,0.023492671673665658,93,0.16144012656053686,0.057672025601488486,-0.6722477004639245,Average,-0.6661946233428878,-0.07007922554430068,0,Type D
relation/7858247,relation/7858247,10,administrative,Ward 120 Balanagar,boundary,2018-01-01 09:11:45+00:00,2,55071473,adivik2000,250196,13.0,3.0,33.0,1.0,12.0,0.0,0.0,0.0,7.098429486571067,1.83139101749107,0.42262869634409306,4.648915659785024,0.14087623211469769,1.6905147853763722,0.0,0.0,73.27,0.04286528032251527,0.09760654016676343,0.0968946455335774,0.009174766445991715,0.04323928122674072,0.0,1.0,0.0,0.08221938853836062,0.018109733098455073,0.020964070715465157,0.0,0.030323298088070216,94,0.16144012656053686,0.054083457405496055,-0.5538725032389682,Average,-0.5667110907447275,-0.1135694077308477,0,Type D
relation/7858248,relation/7858248,10,administrative,Ward 121 Kukatpally,boundary,2018-01-01 06:40:07+00:00,1,55070100,adivik2000,250196,8.0,0.0,28.0,0.0,8.0,2.0,0.0,0.0,3.351026604581032,2.387328106874345,0.0,8.355648374060209,0.0,2.387328106874345,0.5968320267185863,0.0,73.27,0.055877465568866413,0.0,0.17415191985763298,0.0,0.06106208137698143,0.290845355787551,1.0,0.0,0.03515984528451051,0.016016305071272073,0.3057121238970213,0.0,0.08922206856320097,95,0.16144012656053686,0.04318286880166185,0.4668469957220673,Average,0.0764905338642269,-1.5671375181883964,0,Type D
relation/7858249,relation/7858249,10,administrative,Ward 123 Hydernagar,boundary,2018-01-01 06:40:07+00:00,1,55070100,adivik2000,250196,4.0,1.0,35.0,9.0,6.0,0.0,0.0,0.0,3.6420539113687047,1.0982813811497856,0.2745703452874464,9.609962085060625,2.4711331075870175,1.6474220717246784,0.0,0.0,73.27,0.025706219385349994,0.06341230888420674,0.20029485109354003,0.1609360839563739,0.04213707379233833,0.0,1.0,0.0,0.06822283530526164,0.1297756461520115,0.020964070715465157,0.0,0.05474063804318458,96,0.16144012656053686,0.05604423154574449,-0.13071842372436898,Average,0.13579480395879492,0.5344561609530966,0,Type D
relation/7858250,relation/7858250,10,administrative,Ward 122 Vivekananda Nagar Colony,boundary,2018-01-01 06:40:07+00:00,1,55070100,adivik2000,250196,4.0,0.0,25.0,3.0,7.0,1.0,0.0,0.0,1.7062385559544901,2.3443380681093284,0.0,14.652112925683303,1.7582535510819965,4.102591619191325,0.5860845170273321,0.0,73.27,0.054871246773896695,0.0,0.30538546881654594,0.11450878151595502,0.10493437520641909,0.28560793028079806,1.0,0.0,0.0495991015454045,0.11199745846780805,0.30058449614895894,0.0,0.11554526404054287,97,0.16144012656053686,0.03991436034549095,0.9230296746122952,Average,0.7925017773405889,-0.9537885415388047,2,Type C
relation/7858294,relation/7858294,10,administrative,Ward 119 Old Bowenpally,boundary,2018-01-01 08:22:45+00:00,1,55070936,adivik2000,250196,9.0,0.0,18.0,0.0,9.0,0.0,0.0,0.0,3.0043806464259633,2.9956257409348166,0.0,5.991251481869633,0.0,2.9956257409348166,0.0,0.0,73.27,0.07011519435233855,0.0,0.12487217044181073,0.0,0.07662086423781624,0.0,1.0,0.0,0.03361337230993632,0.020097302757845336,0.020964070715465157,0.0,0.018668686445811704,98,0.16144012656053686,0.267124055369552,-0.7558476762367564,Average,-0.7882741313558423,-0.15939947388938483,0,Type D
relation/7858295,relation/7858295,10,administrative,Ward 135 Venkatapuram,boundary,2018-01-01 08:22:45+00:00,1,55070936,adivik2000,250196,2.0,0.0,32.0,0.0,10.0,0.0,0.0,1.0,3.2607866803984384,0.6133489234431055,0.0,9.813582775089689,0.0,3.0667446172155275,0.0,0.30667446172155277,73.27,0.01435595855161492,0.0,0.20453879872079833,0.0,0.07843991315630694,0.0,1.0,1.0,0.0269577197812748,0.020574430981468213,0.020964070715465157,1.0,0.267124055369552,99,0.16144012656053686,0.038127061031458145,3.5498999248799787,High Equity,-4.312381504761705,7.260242836518229,1,Type A
relation/7858296,relation/7858296,10,administrative,Ward 134 Alwal,boundary,2018-01-01 08:22:45+00:00,1,55070936,adivik2000,250196,8.0,3.0,71.0,0.0,6.0,0.0,0.0,0.0,3.2477095248333785,2.4632744827788855,0.9237279310420821,21.861561034662607,0.0,1.8474558620841641,0.0,0.0,73.27,0.057655055751156974,0.21333593337214576,0.45564780311851355,0.0,0.04725345454867643,0.0,1.0,0.0,0.19698330643398143,0.012394365318971772,0.020964070715465157,0.0,0.057585435617104594,100,0.16144012656053686,0.10287961785153082,-0.08141789790909292,Average,-0.05063054232779501,-0.01144570296383699,0,Type D
relation/7858403,relation/7858403,10,administrative,Ward 131 Quthbullapur,boundary,2018-01-01 09:11:45+00:00,1,55071473,adivik2000,250196,43.0,3.0,25.0,1.0,38.0,0.0,0.0,0.0,3.7212372341244677,11.555296610944783,0.8061834844845197,6.718195704037664,0.2687278281615066,10.21165747013725,0.0,0.0,73.27,0.27046164566020864,0.18618892030003864,0.1400234461121701,0.017501284808022557,0.26118951041537786,0.0,1.0,0.0,0.20457566421775655,0.08141959344719853,0.020964070715465157,0.0,0.07673983209510506,101,0.16144012656053686,0.0322024944686684,0.25052903100313156,Average,0.4622453807467215,0.408395212041256,0,Type D
relation/7858404,relation/7858404,10,administrative,Ward 115 Balaji Nagar,boundary,2018-01-01 09:11:45+00:00,1,55071473,adivik2000,250196,6.0,0.0,45.0,2.0,10.0,0.0,0.0,0.0,8.816648807376884,0.6805306790693312,0.0,5.103980093019984,0.22684355968977707,1.1342177984488853,0.0,0.0,73.27,0.015928405265600683,0.0,0.10637928887410183,0.014773511817356089,0.029010549202967965,0.0,1.0,0.0,0.01638675261537362,0.018507821702263224,0.020964070715465157,0.0,0.013964661258275501,102,0.16144012656053686,0.057220786604882834,-0.8373687367578655,Average,-0.8826220226262882,-0.1892954380934689,0,Type D
relation/7858671,relation/7858671,10,administrative,Ward 143 Tarnaka,boundary,2018-01-02 11:53:47+00:00,2,55098554,adivik2000,250196,8.0,0.0,20.0,1.0,8.0,0.0,60.5,0.0,2.4134616069848174,3.314740941744066,0.0,8.286852354360164,0.41434261771800823,3.314740941744066,0.0,0.0,12.77,0.07758435981575981,0.0,0.17271804442714922,0.02698465659621331,0.08478305958261882,0.0,0.17428688412720073,0.0,0.04106890421643935,0.04214491373103743,0.003653762563620718,0.0,0.021716895127774378,103,0.16144012656053686,0.04191205320490353,-0.703022022772643,Average,-0.6539318666453122,0.06488461090880521,0,Type D
relation/7858672,relation/7858672,10,administrative,Ward 144 Mettuguda,boundary,2018-01-02 11:53:47+00:00,2,55098554,adivik2000,250196,10.0,1.0,64.0,0.0,4.0,0.0,0.0,0.0,3.125507698829831,3.199480200846708,0.31994802008467077,20.47667328541893,0.0,1.279792080338683,0.0,0.0,73.27,0.0748865831413309,0.07389233041630712,0.4267833931384527,0.0,0.03273398739378651,0.0,1.0,0.0,0.11375456871098039,0.008585975395455418,0.020964070715465157,0.0,0.03582615370547524,104,0.16144012656053686,0.06275391914369141,-0.4585076597398288,Average,-0.47976138935729207,-0.1328449725744815,0,Type D
relation/7858673,relation/7858673,10,administrative,Ward 138 Moula Ali,boundary,2018-01-01 11:38:37+00:00,1,55073879,adivik2000,250196,4.0,0.0,47.0,0.0,2.0,0.0,0.0,0.0,3.2690557318630726,1.223594924067065,0.0,14.377240357788013,0.0,0.6117974620335325,0.0,0.0,73.27,0.028639290528570737,0.0,0.29965645973524335,0.0,0.015648299999212696,0.0,1.0,0.0,0.0416212302240324,0.0041044776231400504,0.020964070715465157,0.0,0.016672444640659402,105,0.16144012656053686,0.03574082267207109,-0.7904426757371362,Average,-0.8598289635681841,-0.24508837796968944,0,Type D
relation/7858674,relation/7858674,10,administrative,Ward 142 Addagutta,boundary,2018-01-01 11:38:37+00:00,1,55073879,adivik2000,250196,7.0,0.0,36.0,0.0,11.0,0.0,0.0,0.0,2.0865931909831086,3.3547507153044602,0.0,17.25300367870865,0.0,5.2717511240498665,0.0,0.0,73.27,0.07852082294292759,0.0,0.3595943222414334,0.0,0.1348386487843874,0.0,1.0,0.0,0.062292904485067795,0.03536756176056207,0.020964070715465157,0.0,0.029656134240273756,106,0.16144012656053686,0.06089002631752309,-0.5654344958400744,Average,-0.5441214775504858,-0.034490009031205617,0,Type D
relation/7858675,relation/7858675,10,administrative,Ward 141 Gautham Nagar,boundary,2018-01-01 11:38:37+00:00,1,55073879,adivik2000,250196,5.0,0.0,51.0,0.0,29.0,0.0,0.0,0.0,2.125114994363939,2.352813853961128,0.0,23.998701310403504,0.0,13.646320352974541,0.0,0.0,73.27,0.0550696298242781,0.0,0.5001909750380966,0.0,0.3490398833282567,0.0,1.0,0.0,0.0715061435928758,0.09155156731250823,0.020964070715465157,0.0,0.04600544540521229,107,0.16144012656053686,0.04501748815459663,-0.28209987669585235,Average,-0.11197667821080846,0.31084347137380014,0,Type D
relation/7858676,relation/7858676,10,administrative,Ward 137 Vinayak Nagar,boundary,2018-01-01 11:38:38+00:00,1,55073879,adivik2000,250196,0.0,0.0,32.0,0.0,9.0,0.0,0.0,0.0,2.2013066446279694,0.0,0.0,14.536820700601728,0.0,4.088480822044236,0.0,0.0,73.27,0.0,0.0,0.3029825000170274,0.0,0.10457345512961501,0.0,1.0,0.0,0.03398591184863359,0.027429139687732213,0.020964070715465157,0.0,0.02059478056295774,108,0.16144012656053686,0.03195227391485831,-0.7224683407031697,Average,-0.7358969618083245,-0.11531885572017687,0,Type D
relation/7858677,relation/7858677,10,administrative,Ward 140 Malkajgiri,boundary,2018-01-01 11:38:38+00:00,1,55073879,adivik2000,250196,8.0,2.0,29.0,0.0,13.0,0.0,0.0,0.0,2.139366233364495,3.7394251976290764,0.9348562994072691,13.555416341405401,0.0,6.076565946147249,0.0,0.0,73.27,0.08752445971971631,0.2159060417041716,0.28252765969113663,0.0,0.15542386621587548,0.0,1.0,0.0,0.18747972924728337,0.0407669702790124,0.020964070715465157,0.0,0.062302692560440236,109,0.16144012656053686,0.030678004843308397,0.00033246979518865256,Average,0.09907828536154221,0.14615263044985255,0,Type D
relation/7861517,relation/7861517,10,administrative,Ward 23 Gaddiannaram,boundary,2018-01-01 18:13:01+00:00,1,55082663,adivik2000,250196,2.0,1.0,15.0,0.0,4.0,0.0,0.0,0.0,1.431602439569857,1.3970358981791937,0.6985179490895969,10.477769236343953,0.0,2.7940717963583874,0.0,0.0,73.27,0.03269882555070468,0.16132345211009683,0.21838205087702459,0.0,0.07146560161172874,0.0,1.0,0.0,0.13175648172213403,0.01874510091539274,0.020964070715465157,0.0,0.042866413338247984,110,0.16144012656053686,0.05966731610883559,-0.3364995052919588,Average,-0.3225486223633519,-0.05102325308803877,0,Type D
relation/7861518,relation/7861518,10,administrative,Ward 22 Chaitanyapuri,boundary,2018-01-02 05:11:26+00:00,2,55091718,adivik2000,250196,3.0,0.0,22.0,0.0,2.0,0.0,0.0,0.0,2.0451349264772603,1.4668958811277515,0.0,10.757236461603512,0.0,0.977930587418501,0.0,0.0,73.27,0.03433395847634199,0.0,0.22420682372976108,0.0,0.025013100184276757,0.0,1.0,0.0,0.03475035360471118,0.006560821942120843,0.020964070715465157,0.0,0.015568811565574294,111,0.16144012656053686,0.049875365873659885,-0.809568708256157,Average,-0.876143317596299,-0.2386190839814463,0,Type D
relation/7861519,relation/7861519,10,administrative,Ward 19 Saroornagar,boundary,2018-01-01 18:13:01+00:00,1,55082663,adivik2000,250196,27.0,4.0,43.0,0.0,2.0,1.0,0.0,0.0,2.272648051409665,11.88041412010654,1.7600613511268948,18.92065952461412,0.0,0.8800306755634474,0.4400153377817237,0.0,73.27,0.2780713003078921,0.4064880128841641,0.39435230321725534,0.0,0.022509057121541082,0.21442618984896958,1.0,0.0,0.3692175725857274,0.005904022882868735,0.23089501475719318,0.0,0.15150415255644734,112,0.16144012656053686,0.04016661299077995,1.5461995366155692,High Equity,1.3910684079962308,-0.86706095128921,2,Type C
relation/7861520,relation/7861520,10,administrative,Ward 18 Lingojiguda,boundary,2018-01-03 06:03:16+00:00,2,55119646,divya25,5731581,18.0,0.0,41.0,1.0,104.0,0.0,0.0,0.0,2.7042794659685865,6.656116805425277,0.0,15.161154945690907,0.36978426696807093,38.45756376467937,0.0,0.0,73.27,0.15579213286457572,0.0,0.3159951356076647,0.024082730166094066,0.9836515062162356,0.0,1.0,0.0,0.07900970628895779,0.2757732377202597,0.020964070715465157,0.0,0.09393675368117066,113,0.16144012656053686,0.05685551767386645,0.5485527935265399,Average,1.19507744622634,1.4162218563330007,0,Type D
relation/7861521,relation/7861521,10,administrative,Ward 38 IS Sadan,boundary,2018-01-01 18:13:01+00:00,1,55082663,adivik2000,250196,18.0,1.0,11.0,0.0,12.0,0.0,0.0,0.0,2.2234210784881223,8.095632525099386,0.4497573625055215,4.947330987560736,0.0,5.397088350066258,0.0,0.0,73.27,0.18948523513665722,0.10387193403675352,0.10311434266784443,0.0,0.13804447201100634,0.0,1.0,0.0,0.12772700001706078,0.03620843455173185,0.020964070715465157,0.0,0.046224876321064444,114,0.16144012656053686,0.04426543824586218,-0.27829712474231644,Average,-0.22159347189820408,0.04813747309205883,0,Type D
relation/7861522,relation/7861522,10,administrative,Ward 17 Champapet,boundary,2018-01-03 13:15:24+00:00,3,55128738,adivik2000,250196,5.0,0.0,37.0,0.0,7.0,0.0,0.0,0.0,2.4574960191102204,2.0345912917532774,0.0,15.055975558974252,0.0,2.848427808454588,0.0,0.0,73.27,0.04762135733429081,0.0,0.31380294281709453,0.0,0.072855896990227,0.0,1.0,0.0,0.04851601328004171,0.019109769043616782,0.020964070715465157,0.0,0.02214746325978091,115,0.16144012656053686,0.06170108876580444,-0.6955602492173552,Average,-0.7229511141834767,-0.14759862954607464,0,Type D
relation/7861523,relation/7861523,10,administrative,Ward 27 Akbarbagh,boundary,2018-01-01 18:13:01+00:00,1,55082663,adivik2000,250196,4.0,2.0,27.0,1.0,0.0,0.0,0.0,0.0,1.449953666434592,2.758708841942462,1.379354420971231,18.621284683111618,0.6896772104856155,0.0,0.0,0.0,73.27,0.06456995076893332,0.3185633485358877,0.38811260749638327,0.044916216414539,0.0,0.0,1.0,0.0,0.2553406032019817,0.03313489798385537,0.020964070715465157,0.0,0.07735989297532556,116,0.16144012656053686,0.051059121408455234,0.2612747261318821,Average,0.3749077703805705,0.18122843556420942,0,Type D
relation/7861524,relation/7861524,10,administrative,Ward 24 Saidabad,boundary,2018-01-01 18:13:02+00:00,1,55082663,adivik2000,250196,11.0,0.0,29.0,0.0,4.0,0.0,0.0,0.0,1.7717226190055915,6.208646817510255,0.0,16.368250700708856,0.0,2.257689751821911,0.0,0.0,73.27,0.14531871332462024,0.0,0.34115393044649356,0.0,0.057746245668016435,0.0,1.0,0.0,0.07890311647367187,0.015146576508416026,0.020964070715465157,0.0,0.028753440924388265,117,0.16144012656053686,0.05416305759129147,-0.5810782293454311,Average,-0.603202619642728,-0.13513995227748957,0,Type D
relation/7861525,relation/7861525,10,administrative,Ward 25 Moosarambagh,boundary,2018-01-02 13:04:46+00:00,2,55100180,adivik2000,250196,12.0,1.0,28.0,1.0,5.0,0.0,0.0,0.0,1.7928263527195951,6.693342041629865,0.5577785034691555,15.617798097136353,0.5577785034691555,2.7888925173457775,0.0,0.0,73.27,0.15666342150241536,0.1288195297053218,0.3255126832537513,0.03632612415242451,0.07133312817599471,0.0,1.0,0.0,0.15866882456246997,0.04550830142887925,0.020964070715465157,0.0,0.0562852991767036,118,0.16144012656053686,0.04345698770581095,-0.10394934644904888,Average,-0.0076732786448415954,0.14019519146303105,0,Type D
relation/7861526,relation/7861526,10,administrative,Ward 26 Old Malakpet,boundary,2018-01-02 13:04:46+00:00,2,55100180,adivik2000,250196,7.0,1.0,11.0,0.0,3.0,1.0,0.0,0.0,2.1936598917250523,3.1910142617848263,0.4558591802549752,5.0144509828047275,0.0,1.3675775407649255,0.4558591802549752,0.0,73.27,0.07468843056352802,0.10528115523825805,0.10451328569527778,0.0,0.03497932724163891,0.2221471361033292,1.0,0.0,0.09664037931158666,0.009174917782955563,0.23845409854828611,0.0,0.08606734891070708,119,0.16144012656053686,0.05286497029638228,0.4121755002548447,Average,0.11775054549516631,-1.207718040295002,0,Type D
relation/7861527,relation/7861527,10,administrative,Ward 28 Azampura,boundary,2018-01-02 13:04:46+00:00,3,55100180,adivik2000,250196,13.0,0.0,19.0,0.0,14.0,0.0,0.0,0.0,1.3330590914954596,9.752005805996394,0.0,14.252931562610113,0.0,10.502160098765346,0.0,0.0,73.27,0.22825407495637134,0.0,0.2970655638087671,0.0,0.26861986533745036,0.0,1.0,0.0,0.09714888504992586,0.07045776387619936,0.020964070715465157,0.0,0.04714267991039759,120,0.16144012656053686,0.10381063734704918,-0.2623915292215351,Average,-0.13335725335096932,0.21571360231959427,0,Type D
relation/7861528,relation/7861528,10,administrative,Ward 29 Chawni,boundary,2018-01-01 18:13:02+00:00,1,55082663,adivik2000,250196,8.0,0.0,11.0,0.0,7.0,0.0,0.0,0.0,0.9828321563103378,8.13974181515682,0.0,11.192144995840627,0.0,7.122274088262217,0.0,0.0,73.27,0.19051765096980314,0.0,0.2332713693890776,0.0,0.18217055239048643,0.0,1.0,0.0,0.07944077785583878,0.047782503909014604,0.020964070715465157,0.0,0.03704683812007963,121,0.16144012656053686,0.08116311817771989,-0.43735311994191167,Average,-0.37548232261245773,0.059745081765343835,0,Type D
relation/7861529,relation/7861529,10,administrative,Ward 37 Rein Bazar,boundary,2018-01-01 18:13:03+00:00,1,55082663,adivik2000,250196,2.0,0.0,0.0,0.0,25.0,0.0,0.0,0.0,0.6394395600792399,3.1277389214895592,0.0,0.0,0.0,39.096736518619494,0.0,0.0,73.27,0.07320741685681292,0.0,0.0,0.0,1.0,0.0,1.0,0.0,0.02047098871851892,0.2622954329445727,0.020964070715465157,0.0,0.07593262309463919,122,0.16144012656053686,0.10246883462946604,0.23654004685514746,Average,0.8187582044726299,1.266559855014525,0,Type D
relation/7861530,relation/7861530,10,administrative,Ward 37 Kurmaguda,boundary,2018-01-01 18:13:03+00:00,1,55082663,adivik2000,250196,7.0,1.0,9.0,0.0,6.0,0.0,0.0,0.0,1.0323479300472727,6.780659694527077,0.9686656706467253,8.717991035820528,0.0,5.811994023880351,0.0,0.0,73.27,0.15870716619308806,0.22371435141064314,0.18170401723738683,0.0,0.1486567560725289,0.0,1.0,0.0,0.2008240435556655,0.038991988194179705,0.020964070715465157,0.0,0.06519502561632759,123,0.16144012656053686,0.0409471381020122,0.05045678858517655,Average,0.1514266617320388,0.15141802623976094,0,Type D
relation/7861531,relation/7861531,10,administrative,Ward 39 Santhosh Nagar,boundary,2018-01-01 18:13:03+00:00,1,55082663,adivik2000,250196,0.0,0.0,8.0,0.0,2.0,0.0,0.0,0.0,1.077526163852723,0.0,0.0,7.424413687919921,0.0,1.8561034219799804,0.0,0.0,73.27,0.0,0.0,0.15474273685122242,0.0,0.04747463822449801,0.0,1.0,0.0,0.017357679118584053,0.012452380786981665,0.020964070715465157,0.0,0.01269353265525772,124,0.16144012656053686,0.03653382741821918,-0.8593974776011941,Average,-0.9196918761975735,-0.22418530177764098,0,Type D
relation/7861532,relation/7861532,10,administrative,Ward 41 Kanchanbagh,boundary,2018-01-03 13:15:24+00:00,2,55128738,adivik2000,250196,7.0,0.0,30.0,0.0,2.0,0.0,0.0,0.0,5.076728109470407,1.3788408299711414,0.0,5.909317842733463,0.0,0.39395452284889754,0.0,0.0,73.27,0.03227295434582461,0.0,0.12316447524956405,0.0,0.010076404271269036,0.0,1.0,0.0,0.022839993160806423,0.0026429948208570534,0.020964070715465157,0.0,0.011611764674282158,125,0.16144012656053686,0.02075399952624051,-0.8781445866261558,Average,-0.9608189258498123,-0.2760667032035665,0,Type D
relation/7865918,relation/7865918,10,administrative,Ward 75 Red Hills,boundary,2018-01-01 20:14:04+00:00,1,55085177,adivik2000,250196,6.0,4.0,55.0,1.0,2.0,1.0,0.0,0.0,1.9982957733995987,3.002558520049565,2.0017056800330435,27.523453100454347,0.5004264200082609,1.0008528400165217,0.5004264200082609,0.0,73.27,0.07027746200426516,0.4622960237917941,0.5736553267890191,0.03259098755027348,0.0255993959889689,0.24386543224400414,1.0,0.0,0.36516718719618924,0.030757125014729478,0.2597170907928485,0.0,0.1639103507509418,126,0.16144012656053686,0.12159903744684401,1.7611997531386387,High Equity,1.6325186719352427,-0.8641592552686613,2,Type C
relation/7865919,relation/7865919,10,administrative,Ward 77 Jambagh,boundary,2018-01-01 20:14:05+00:00,1,55085177,adivik2000,250196,22.0,4.0,47.0,1.0,12.0,1.0,0.0,0.0,2.0640663511133006,10.65857208908706,1.9379221980158292,22.770585826685995,0.4844805495039573,5.813766594047488,0.4844805495039573,0.0,73.27,0.24947303774721163,0.44756516180030154,0.47459407821794464,0.03155248988846847,0.14870209413204424,0.23609476617290678,1.0,0.0,0.39520453065319516,0.06228029605282253,0.2521093295147719,0.0,0.1773985390551974,127,0.16144012656053686,0.127901574257221,1.9949509281928801,High Equity,1.971697397743394,-0.6038913137951671,2,Type C
relation/7865920,relation/7865920,10,administrative,Ward 50 Begum Bazar,boundary,2018-01-02 08:41:46+00:00,3,55094174,adivik2000,250196,11.0,3.0,30.0,0.0,11.0,0.0,0.0,0.0,1.516260166473822,7.254691670481151,1.9785522737675867,19.785522737675866,0.0,7.254691670481151,0.0,0.0,73.27,0.16980229188554893,0.4569487203592635,0.41237814420842617,0.0,0.1855574740113197,0.0,1.0,0.0,0.3716544343018271,0.048670877981900396,0.020964070715465157,0.0,0.11032234574979816,128,0.16144012656053686,0.16609405715828113,0.8325161630765261,Average,1.045079183789504,0.41167759714879354,2,Type C
relation/7865921,relation/7865921,10,administrative,Ward 51 Goshamahal,boundary,2018-01-02 08:41:46+00:00,2,55094174,adivik2000,250196,50.0,0.0,17.0,0.0,15.0,0.0,0.0,0.0,1.1702929607364496,42.7243448243384,0.0,14.526277240275057,0.0,12.817303447301521,0.0,0.0,73.27,1.0,0.0,0.3027627488049571,0.0,0.32783563510978436,0.0,1.0,0.0,0.3135912449181096,0.08598978984577985,0.020964070715465157,0.0,0.10513627636983863,129,0.16144012656053686,0.08134113823897057,0.7426412455462089,Average,1.0214499247482216,0.5649189285224947,2,Type C
relation/7865922,relation/7865922,10,administrative,Ward 62 Ziaguda,boundary,2018-01-02 08:41:46+00:00,2,55094174,adivik2000,250196,1.0,0.0,13.0,0.0,10.0,0.0,0.0,0.0,1.4683723297054168,0.6810261810099751,0.0,8.853340353129676,0.0,6.810261810099751,0.0,0.0,73.27,0.015940002914264024,0.0,0.18452502434606127,0.0,0.1741900326349853,0.0,1.0,0.0,0.025155696908967726,0.04568925002462272,0.020964070715465157,0.0,0.022952254412263902,130,0.16144012656053686,0.06708007980820828,-0.6816131665311798,Average,-0.6526832763122948,-0.017110735810450646,0,Type D
relation/7865924,relation/7865924,10,administrative,Ward 65 Karwan,boundary,2018-01-02 08:41:46+00:00,2,55094174,adivik2000,250196,7.0,2.0,19.0,0.0,4.0,0.0,0.0,0.0,1.8954437021271306,3.693066690476939,1.0551619115648398,10.024038159865977,0.0,2.1103238231296797,0.0,0.0,73.27,0.08643939902790837,0.24369074886419953,0.20892519791597627,0.0,0.05397698148347128,0.0,1.0,0.0,0.19581886289875153,0.014157915727248283,0.020964070715465157,0.0,0.05773521233536624,131,0.16144012656053686,0.029781079891514066,-0.07882225770155055,Average,-0.044102215727549236,-0.002330496303078111,0,Type D
relation/7865925,relation/7865925,10,administrative,Ward 34 Talab Chanchalam,boundary,2018-01-01 20:14:05+00:00,1,55085177,adivik2000,250196,3.0,0.0,0.0,0.0,1.0,0.0,0.0,0.0,0.6500601012730615,4.61495790023857,0.0,0.0,0.0,1.5383193000795234,0.0,0.0,73.27,0.1080170548948853,0.0,0.0,0.0,0.03934648866017018,0.0,1.0,0.0,0.03020480720533787,0.010320404277968058,0.020964070715465157,0.0,0.015372320549692772,132,0.16144012656053686,0.09126556446825015,-0.8129739102605965,Average,-0.8722125792154685,-0.22163451514287505,0,Type D
relation/7866626,relation/7866626,10,administrative,Ward 83 Amberpet,boundary,2018-01-01 20:34:01+00:00,1,55085615,adivik2000,250196,7.0,1.0,18.0,3.0,4.0,0.0,0.0,0.0,1.9978719217400673,3.5037281038032093,0.5005325862576013,9.009586552636824,1.501597758772804,2.0021303450304053,0.0,0.0,73.27,0.08200776672430729,0.11559852515445353,0.18778157301786785,0.09779370533808976,0.05120965388190156,0.0,1.0,0.0,0.11430240134603292,0.08557492139307663,0.020964070715465157,0.0,0.05521034836364368,133,0.16144012656053686,0.04532576190808493,-0.12257831351343897,Average,0.05394869724701863,0.32603882245352483,0,Type D
relation/7866627,relation/7866627,10,administrative,Ward 82 Golnaka,boundary,2018-01-02 13:04:46+00:00,2,55100180,adivik2000,250196,2.0,0.0,27.0,0.0,11.0,0.0,0.0,0.0,1.6245127303646432,1.2311383977588615,0.0,16.62036836974463,0.0,6.771261187673738,0.0,0.0,73.27,0.028815852011790936,0.0,0.3464086724039122,0.0,0.17319249100110903,0.0,1.0,0.0,0.04691485409801356,0.0454275994098849,0.020964070715465157,0.0,0.028326631055840906,134,0.16144012656053686,0.08431206012452482,-0.5884748719520749,Average,-0.5491648816677648,0.007144219464183055,0,Type D
relation/7866628,relation/7866628,10,administrative,Ward 80 Kachiguda,boundary,2018-01-01 20:34:01+00:00,1,55085615,adivik2000,250196,10.0,0.0,53.0,1.0,10.0,0.0,0.0,0.0,1.5686681993581038,6.3748344003480035,0.0,33.78662232184442,0.6374834400348004,6.3748344003480035,0.0,0.0,73.27,0.1492084764917567,0.0,0.7041949205426873,0.041517022337343265,0.1630528521814613,0.0,1.0,0.0,0.12071355587864119,0.07339531544458412,0.020964070715465157,0.0,0.053768235509672614,135,0.16144012656053686,0.11647497047508719,-0.1475702224764986,Average,0.0009681889642776592,0.26115186150588093,0,Type D
relation/7867246,relation/7867246,10,administrative,Ward 58 Shastripuram,boundary,2018-01-01 21:02:30+00:00,1,55086287,adivik2000,250196,9.0,0.0,29.0,0.0,1.0,1.0,0.0,0.0,4.921707441208598,1.8286336820113624,0.0,5.892264086481057,0.0,0.2031815202234847,0.2031815202234847,0.0,73.27,0.04280074251646946,0.0,0.12280903372555728,0.0,0.00519689207631745,0.09901345586924852,1.0,0.0,0.025744008082440227,0.0013631210571239047,0.11790180149408817,0.0,0.036252232658413076,136,0.16144012656053686,0.018965438132330203,-0.4511236839479371,Average,-0.6541610583643636,-0.7518359083088231,0,Type D
relation/7867247,relation/7867247,10,administrative,Ward 57 Suleman Nagar,boundary,2018-01-01 21:02:30+00:00,1,55086287,adivik2000,250196,1.0,0.0,11.0,0.0,3.0,0.0,0.0,0.0,3.4360546486024486,0.29103145970240357,0.0,3.2013460567264396,0.0,0.8730943791072108,0.0,0.0,73.27,0.0068118413728515325,0.0,0.06672379412690145,0.0,0.022331643427358876,0.0,1.0,0.0,0.00938928341555851,0.005857488081142917,0.020964070715465157,0.0,0.009052710553041646,137,0.16144012656053686,0.02473413756430713,-0.9224931599388992,Average,-1.0037527646657234,-0.2728904226523639,0,Type D
relation/7867248,relation/7867248,10,administrative,Ward 56 Kishanbagh,boundary,2018-01-01 21:02:30+00:00,1,55086287,adivik2000,250196,2.0,0.0,12.0,0.0,6.0,0.0,0.0,0.0,1.600371615149607,1.2497097430792876,0.0,7.498258458475726,0.0,3.749129229237863,0.0,0.0,73.27,0.029250530305788947,0.0,0.15628184045970644,0.0,0.09589366180096315,0.0,1.0,0.0,0.025709647510688983,0.025152469538724062,0.020964070715465157,0.0,0.01795654694121955,138,0.16144012656053686,0.054671565388153195,-0.7681890998769084,Average,-0.7916616004544687,-0.1386873725998681,0,Type D
relation/7867249,relation/7867249,10,administrative,Ward 61 Attapur,boundary,2018-01-02 08:41:47+00:00,2,55094174,adivik2000,250196,6.0,0.0,42.0,0.0,14.0,0.0,0.0,0.0,4.633469724732486,1.294925910052517,0.0,9.064481370367618,0.0,3.0214937901225394,0.0,0.0,73.27,0.030308853544194034,0.0,0.1889257137799099,0.0,0.07728250639752446,0.0,1.0,0.0,0.029667288996538636,0.020270848474580386,0.020964070715465157,0.0,0.017725552046646047,139,0.16144012656053686,0.023388344581642434,-0.7721922563290653,Average,-0.8061776961605168,-0.1630476687295215,0,Type D
relation/7867250,relation/7867250,10,administrative,Ward 112 Ramachandrapuram,boundary,2018-01-03 13:15:24+00:00,2,55128738,adivik2000,250196,7.0,0.0,48.0,0.0,1.0,0.0,0.0,0.0,2.433960503959945,2.8759710720906577,0.0,19.72094449433594,0.0,0.4108530102986654,0.0,0.0,73.27,0.06731457401898715,0.0,0.4110321774377808,0.0,0.0105086267265044,0.0,1.0,0.0,0.06492914744468506,0.0027563647968813793,0.020964070715465157,0.0,0.0221623957392579,140,0.16144012656053686,0.13200204761726422,-0.6953014683829328,Average,-0.7563081923189267,-0.22546273413064996,0,Type D
relation/7867251,relation/7867251,10,administrative,Ward 111 Bharati Nagar,boundary,2018-01-03 13:15:24+00:00,2,55128738,adivik2000,250196,4.0,0.0,11.0,5.0,2.0,4.0,0.0,0.0,1.9492610501258387,2.052059676533203,0.0,5.643164110466308,2.5650745956665038,1.0260298382666015,2.052059676533203,0.0,73.27,0.04803021988915847,0.0,0.11761718778884525,0.16705415795494927,0.026243362736374773,1.0,1.0,0.0,0.02662395114013108,0.1301201294598237,1.0,0.0,0.2891860201499887,141,0.16144012656053686,0.041172625019098054,3.9322352003895364,High Equity,2.9811453114898683,-4.2757939307258015,2,Type C
relation/7867252,relation/7867252,10,administrative,Ward 30 Dabeerpura,boundary,2018-01-02 13:04:47+00:00,3,55100180,adivik2000,250196,11.0,3.0,45.0,0.0,4.0,1.0,0.0,0.0,1.4711830482344066,7.476975766680631,2.0391752090947177,30.58762813642076,0.0,2.718900278792957,0.6797250696982392,0.0,73.27,0.17500504214686724,0.4709496507816906,0.6375201451016258,0.0,0.06954289592682764,0.33124040078921213,1.0,0.0,0.4068790778669046,0.018240783995346614,0.34526032431871323,0.0,0.19259504654524112,142,0.16144012656053686,0.12191413546647109,2.2583073851454842,High Equity,2.014083650208514,-1.3053370136427576,2,Type C
relation/7867584,relation/7867584,10,administrative,Ward 42 Barkas,boundary,2018-01-03 13:15:24+00:00,2,55128738,adivik2000,250196,4.0,0.0,8.0,0.0,0.0,0.0,0.0,0.0,1.6631518001333292,2.4050721044701593,0.0,4.810144208940319,0.0,0.0,0.0,0.0,73.27,0.056292779078500534,0.0,0.10025503842162943,0.0,0.0,0.0,1.0,0.0,0.026986877224045268,0.0,0.020964070715465157,0.0,0.011987736984877605,143,0.16144012656053686,0.024623692031152826,-0.8716289621844494,Average,-0.9589772976330068,-0.2868783274560165,0,Type D
relation/7867585,relation/7867585,10,administrative,Ward 74 Ahmed Nagar,boundary,2018-01-02 04:08:41+00:00,1,55091137,adivik2000,250196,6.0,1.0,20.0,2.0,6.0,1.0,0.0,0.0,1.6411879617541913,3.6558883807476095,0.6093147301246016,12.186294602492032,1.2186294602492032,3.6558883807476095,0.6093147301246016,0.0,73.27,0.0855692087445421,0.1407218752407814,0.25399185149571313,0.07936498949580369,0.09350878631536223,0.2969283676749557,1.0,0.0,0.13800516568062443,0.08307484280606986,0.3116676110930554,0.0,0.13318690489493742,144,0.16144012656053686,0.07715765325310855,1.2287604507980467,High Equity,1.0553825172297386,-1.0749793837542478,2,Type C
